Year,region,Won,Attempted,Success Rate
1896,Australia,3,5,0.6
1896,Austria,5,8,0.625
1896,Denmark,6,12,0.5
1896,France,7,18,0.3888888888888889
1896,Germany,6,27,0.2222222222222222
1896,Greece,18,39,0.46153846153846156
1896,Hungary,6,14,0.42857142857142855
1896,Italy,0,1,0.0
1896,Sweden,0,5,0.0
1896,Switzerland,0,5,0.0
1896,UK,8,19,0.42105263157894735
1896,USA,11,16,0.6875
1900,Argentina,0,1,0.0
1900,Australia,6,6,1.0
1900,Austria,5,17,0.29411764705882354
1900,Belgium,12,31,0.3870967741935484
1900,Brazil,0,3,0.0
1900,Canada,2,5,0.4
1900,Colombia,1,1,1.0
1900,Cuba,2,2,1.0
1900,Czech Republic,3,9,0.3333333333333333
1900,Denmark,3,14,0.21428571428571427
1900,France,32,81,0.3950617283950617
1900,Germany,7,27,0.25925925925925924
1900,Greece,0,3,0.0
1900,Haiti,1,4,0.25
1900,Hungary,5,21,0.23809523809523808
1900,India,2,5,0.4
1900,Iran,0,1,0.0
1900,Italy,4,17,0.23529411764705882
1900,Luxembourg,1,1,1.0
1900,Mexico,1,1,1.0
1900,Netherlands,6,18,0.3333333333333333
1900,New Zealand,1,1,1.0
1900,Norway,2,9,0.2222222222222222
1900,Peru,0,2,0.0
1900,Romania,0,1,0.0
1900,Russia,0,3,0.0
1900,Spain,1,7,0.14285714285714285
1900,Sweden,2,16,0.125
1900,Switzerland,3,14,0.21428571428571427
1900,UK,24,39,0.6153846153846154
1900,USA,19,41,0.4634146341463415
1904,Australia,4,6,0.6666666666666666
1904,Austria,4,7,0.5714285714285714
1904,Canada,4,16,0.25
1904,Cuba,4,5,0.8
1904,France,2,2,1.0
1904,Germany,10,25,0.4
1904,Greece,2,5,0.4
1904,Hungary,4,9,0.4444444444444444
1904,Italy,0,1,0.0
1904,Norway,2,6,0.3333333333333333
1904,South Africa,0,2,0.0
1904,Switzerland,1,4,0.25
1904,UK,1,4,0.25
1904,USA,51,95,0.5368421052631579
1906,Australia,3,9,0.3333333333333333
1906,Austria,6,46,0.13043478260869565
1906,Belgium,7,22,0.3181818181818182
1906,Canada,2,4,0.5
1906,Czech Republic,1,22,0.045454545454545456
1906,Denmark,6,24,0.25
1906,Egypt,0,5,0.0
1906,Finland,3,11,0.2727272727272727
1906,France,19,51,0.37254901960784315
1906,Germany,11,41,0.2682926829268293
1906,Greece,12,75,0.16
1906,Hungary,5,41,0.12195121951219512
1906,Italy,11,37,0.2972972972972973
1906,Netherlands,1,8,0.125
1906,Norway,2,12,0.16666666666666666
1906,Sweden,6,37,0.16216216216216217
1906,Switzerland,1,14,0.07142857142857142
1906,Turkey,0,2,0.0
1906,UK,10,42,0.23809523809523808
1906,USA,7,28,0.25
1908,Argentina,0,1,0.0
1908,Australia,5,20,0.25
1908,Austria,1,10,0.1
1908,Belgium,5,33,0.15151515151515152
1908,Canada,12,42,0.2857142857142857
1908,Czech Republic,1,15,0.06666666666666667
1908,Denmark,3,27,0.1111111111111111
1908,Finland,3,23,0.13043478260869565
1908,France,10,54,0.18518518518518517
1908,Germany,9,41,0.21951219512195122
1908,Greece,4,25,0.16
1908,Hungary,3,37,0.08108108108108109
1908,Iceland,0,1,0.0
1908,Italy,4,30,0.13333333333333333
1908,Netherlands,2,45,0.044444444444444446
1908,Norway,4,23,0.17391304347826086
1908,Russia,3,7,0.42857142857142855
1908,South Africa,1,15,0.06666666666666667
1908,Sweden,11,67,0.16417910447761194
1908,Switzerland,0,1,0.0
1908,UK,40,108,0.37037037037037035
1908,USA,17,52,0.3269230769230769
1912,Australia,3,17,0.17647058823529413
1912,Austria,3,46,0.06521739130434782
1912,Belgium,4,23,0.17391304347826086
1912,Canada,8,30,0.26666666666666666
1912,Chile,0,16,0.0
1912,Czech Republic,0,26,0.0
1912,Denmark,9,46,0.1956521739130435
1912,Finland,8,49,0.16326530612244897
1912,France,13,66,0.19696969696969696
1912,Germany,16,69,0.2318840579710145
1912,Greece,2,25,0.08
1912,Hungary,5,52,0.09615384615384616
1912,Iceland,0,2,0.0
1912,Italy,4,36,0.1111111111111111
1912,Japan,0,4,0.0
1912,Luxembourg,0,6,0.0
1912,Netherlands,3,14,0.21428571428571427
1912,Norway,7,58,0.1206896551724138
1912,Poland,0,1,0.0
1912,Portugal,0,8,0.0
1912,Russia,5,62,0.08064516129032258
1912,Serbia,0,2,0.0
1912,South Africa,4,21,0.19047619047619047
1912,Sweden,25,95,0.2631578947368421
1912,Switzerland,0,3,0.0
1912,Turkey,0,7,0.0
1912,UK,24,79,0.3037974683544304
1912,USA,19,68,0.27941176470588236
1920,Argentina,0,1,0.0
1920,Australia,3,19,0.15789473684210525
1920,Belgium,30,121,0.24793388429752067
1920,Brazil,1,10,0.1
1920,Canada,6,39,0.15384615384615385
1920,Chile,0,2,0.0
1920,Czech Republic,2,53,0.03773584905660377
1920,Denmark,8,66,0.12121212121212122
1920,Egypt,0,11,0.0
1920,Estonia,2,19,0.10526315789473684
1920,Finland,17,51,0.3333333333333333
1920,France,32,113,0.2831858407079646
1920,Greece,1,34,0.029411764705882353
1920,India,0,6,0.0
1920,Italy,18,79,0.22784810126582278
1920,Japan,1,15,0.06666666666666667
1920,Luxembourg,1,18,0.05555555555555555
1920,Monaco,0,6,0.0
1920,Netherlands,7,58,0.1206896551724138
1920,New Zealand,1,6,0.16666666666666666
1920,Norway,20,72,0.2777777777777778
1920,Portugal,0,7,0.0
1920,Serbia,0,1,0.0
1920,South Africa,5,34,0.14705882352941177
1920,Spain,2,29,0.06896551724137931
1920,Sweden,35,100,0.35
1920,Switzerland,11,45,0.24444444444444444
1920,UK,24,84,0.2857142857142857
1920,USA,42,113,0.37168141592920356
1924,Argentina,6,39,0.15384615384615385
1924,Australia,5,32,0.15625
1924,Austria,4,30,0.13333333333333333
1924,Belgium,12,90,0.13333333333333333
1924,Brazil,0,15,0.0
1924,Bulgaria,0,12,0.0
1924,Canada,5,47,0.10638297872340426
1924,Chile,0,12,0.0
1924,Cuba,0,3,0.0
1924,Czech Republic,1,82,0.012195121951219513
1924,Denmark,7,60,0.11666666666666667
1924,Ecuador,0,4,0.0
1924,Egypt,0,12,0.0
1924,Estonia,2,26,0.07692307692307693
1924,Finland,21,80,0.2625
1924,France,23,144,0.1597222222222222
1924,Greece,1,37,0.02702702702702703
1924,Haiti,1,9,0.1111111111111111
1924,Hungary,9,57,0.15789473684210525
1924,India,1,14,0.07142857142857142
1924,Ireland,1,29,0.034482758620689655
1924,Italy,8,98,0.08163265306122448
1924,Japan,1,21,0.047619047619047616
1924,Latvia,0,30,0.0
1924,Lithuania,0,2,0.0
1924,Luxembourg,2,35,0.05714285714285714
1924,Mexico,0,15,0.0
1924,Monaco,1,6,0.16666666666666666
1924,Nepal,1,1,1.0
1924,Netherlands,8,81,0.09876543209876543
1924,New Zealand,1,6,0.16666666666666666
1924,Norway,16,53,0.3018867924528302
1924,Philippines,0,2,0.0
1924,Poland,1,48,0.020833333333333332
1924,Portugal,1,16,0.0625
1924,Romania,1,7,0.14285714285714285
1924,Russia,0,2,0.0
1924,Serbia,0,29,0.0
1924,South Africa,3,25,0.12
1924,Spain,0,44,0.0
1924,Sweden,14,95,0.14736842105263157
1924,Switzerland,17,82,0.2073170731707317
1924,Turkey,0,11,0.0
1924,UK,25,125,0.2
1924,USA,43,119,0.36134453781512604
1924,Uruguay,1,11,0.09090909090909091
1928,Argentina,7,41,0.17073170731707318
1928,Australia,4,26,0.15384615384615385
1928,Austria,6,52,0.11538461538461539
1928,Belgium,4,94,0.0425531914893617
1928,Bulgaria,0,5,0.0
1928,Canada,12,59,0.2033898305084746
1928,Chile,1,22,0.045454545454545456
1928,Cuba,0,1,0.0
1928,Czech Republic,4,58,0.06896551724137931
1928,Denmark,6,55,0.10909090909090909
1928,Egypt,3,14,0.21428571428571427
1928,Estonia,5,22,0.22727272727272727
1928,Finland,12,58,0.20689655172413793
1928,France,16,125,0.128
1928,Germany,24,107,0.22429906542056074
1928,Greece,0,26,0.0
1928,Haiti,1,3,0.3333333333333333
1928,Hungary,7,69,0.10144927536231885
1928,India,1,10,0.1
1928,Ireland,1,27,0.037037037037037035
1928,Italy,18,87,0.20689655172413793
1928,Japan,3,35,0.08571428571428572
1928,Latvia,0,17,0.0
1928,Lithuania,0,14,0.0
1928,Luxembourg,1,32,0.03125
1928,Malta,0,1,0.0
1928,Mexico,0,19,0.0
1928,Monaco,0,8,0.0
1928,Netherlands,15,107,0.14018691588785046
1928,New Zealand,1,12,0.08333333333333333
1928,Norway,11,51,0.21568627450980393
1928,Panama,0,2,0.0
1928,Philippines,1,6,0.16666666666666666
1928,Poland,4,50,0.08
1928,Portugal,1,14,0.07142857142857142
1928,Romania,0,17,0.0
1928,Serbia,1,23,0.043478260869565216
1928,South Africa,3,25,0.12
1928,Spain,1,34,0.029411764705882353
1928,Sweden,21,76,0.27631578947368424
1928,Switzerland,7,79,0.08860759493670886
1928,Turkey,0,17,0.0
1928,UK,16,93,0.17204301075268819
1928,USA,31,108,0.28703703703703703
1928,Uruguay,1,1,1.0
1928,Zimbabwe,0,2,0.0
1932,Argentina,3,30,0.1
1932,Australia,5,17,0.29411764705882354
1932,Austria,7,20,0.35
1932,Belgium,0,12,0.0
1932,Brazil,0,28,0.0
1932,Bulgaria,0,1,0.0
1932,Canada,16,81,0.19753086419753085
1932,China,0,2,0.0
1932,Colombia,0,2,0.0
1932,Cuba,0,1,0.0
1932,Czech Republic,5,20,0.25
1932,Denmark,7,34,0.20588235294117646
1932,El Salvador,0,1,0.0
1932,Estonia,0,3,0.0
1932,Finland,16,42,0.38095238095238093
1932,France,18,60,0.3
1932,Germany,22,71,0.30985915492957744
1932,Greece,0,12,0.0
1932,Guatemala,0,1,0.0
1932,Haiti,0,3,0.0
1932,Hungary,10,40,0.25
1932,India,1,8,0.125
1932,Ireland,2,10,0.2
1932,Italy,24,67,0.3582089552238806
1932,Japan,9,75,0.12
1932,Latvia,1,4,0.25
1932,Luxembourg,0,3,0.0
1932,Mexico,1,52,0.019230769230769232
1932,Monaco,0,1,0.0
1932,Netherlands,8,29,0.27586206896551724
1932,New Zealand,1,15,0.06666666666666667
1932,Norway,4,17,0.23529411764705882
1932,Peru,0,1,0.0
1932,Philippines,2,7,0.2857142857142857
1932,Poland,9,26,0.34615384615384615
1932,Portugal,0,4,0.0
1932,Romania,0,3,0.0
1932,Serbia,0,1,0.0
1932,South Africa,5,18,0.2777777777777778
1932,Spain,1,4,0.25
1932,Sweden,20,60,0.3333333333333333
1932,Switzerland,2,13,0.15384615384615385
1932,Turkey,0,1,0.0
1932,UK,13,51,0.2549019607843137
1932,USA,61,136,0.4485294117647059
1932,Uruguay,1,2,0.5
1932,Venezuela,0,1,0.0
1936,Afghanistan,0,4,0.0
1936,Argentina,7,31,0.22580645161290322
1936,Australia,0,29,0.0
1936,Austria,15,120,0.125
1936,Belgium,2,82,0.024390243902439025
1936,Bermuda,0,4,0.0
1936,Boliva,0,2,0.0
1936,Brazil,0,37,0.0
1936,Bulgaria,0,25,0.0
1936,Canada,8,82,0.0975609756097561
1936,Chile,0,27,0.0
1936,China,0,27,0.0
1936,Colombia,0,5,0.0
1936,Costa Rica,0,1,0.0
1936,Czech Republic,7,117,0.05982905982905983
1936,Denmark,2,71,0.028169014084507043
1936,Egypt,2,30,0.06666666666666667
1936,Estonia,7,37,0.1891891891891892
1936,Finland,14,80,0.175
1936,France,17,106,0.16037735849056603
1936,Germany,67,160,0.41875
1936,Greece,0,36,0.0
1936,Hungary,13,113,0.11504424778761062
1936,Iceland,0,6,0.0
1936,India,1,12,0.08333333333333333
1936,Italy,20,110,0.18181818181818182
1936,Japan,10,92,0.10869565217391304
1936,Latvia,2,29,0.06896551724137931
1936,Liechtenstein,0,7,0.0
1936,Luxembourg,0,39,0.0
1936,Malta,0,2,0.0
1936,Mexico,3,14,0.21428571428571427
1936,Monaco,0,5,0.0
1936,Netherlands,13,81,0.16049382716049382
1936,New Zealand,1,9,0.1111111111111111
1936,Norway,13,56,0.23214285714285715
1936,Peru,0,16,0.0
1936,Philippines,0,20,0.0
1936,Poland,8,64,0.125
1936,Portugal,1,10,0.1
1936,Romania,0,41,0.0
1936,Serbia,0,65,0.0
1936,South Africa,1,27,0.037037037037037035
1936,Spain,0,2,0.0
1936,Sweden,19,96,0.19791666666666666
1936,Switzerland,10,111,0.09009009009009009
1936,Turkey,2,29,0.06896551724137931
1936,UK,14,101,0.13861386138613863
1936,USA,35,144,0.24305555555555555
1936,Uruguay,0,15,0.0
1948,Afghanistan,0,2,0.0
1948,Argentina,7,106,0.0660377358490566
1948,Australia,10,52,0.19230769230769232
1948,Austria,7,99,0.0707070707070707
1948,Belgium,8,87,0.09195402298850575
1948,Bermuda,0,13,0.0
1948,Brazil,1,41,0.024390243902439025
1948,Bulgaria,0,5,0.0
1948,Canada,5,99,0.050505050505050504
1948,Chile,0,34,0.0
1948,China,0,12,0.0
1948,Colombia,0,6,0.0
1948,Cuba,1,31,0.03225806451612903
1948,Czech Republic,9,78,0.11538461538461539
1948,Denmark,20,85,0.23529411764705882
1948,Egypt,3,53,0.05660377358490566
1948,Finland,15,96,0.15625
1948,France,22,150,0.14666666666666667
1948,Greece,0,46,0.0
1948,Guyana,0,7,0.0
1948,Hungary,19,91,0.2087912087912088
1948,Iceland,0,22,0.0
1948,India,1,39,0.02564102564102564
1948,Iran,1,23,0.043478260869565216
1948,Iraq,0,4,0.0
1948,Ireland,1,34,0.029411764705882353
1948,Italy,26,110,0.23636363636363636
1948,Jamaica,2,14,0.14285714285714285
1948,Lebanon,0,12,0.0
1948,Liechtenstein,0,5,0.0
1948,Luxembourg,0,32,0.0
1948,Malta,0,1,0.0
1948,Mexico,4,57,0.07017543859649122
1948,Monaco,0,2,0.0
1948,Myanmar,0,5,0.0
1948,Netherlands,10,78,0.1282051282051282
1948,New Zealand,0,8,0.0
1948,Norway,9,69,0.13043478260869565
1948,Pakistan,0,20,0.0
1948,Panama,2,2,1.0
1948,Peru,0,26,0.0
1948,Philippines,0,18,0.0
1948,Poland,1,36,0.027777777777777776
1948,Portugal,2,22,0.09090909090909091
1948,Puerto Rico,1,8,0.125
1948,Romania,0,3,0.0
1948,Serbia,2,43,0.046511627906976744
1948,South Africa,6,34,0.17647058823529413
1948,South Korea,2,27,0.07407407407407407
1948,Spain,1,40,0.025
1948,Sri Lanka,1,9,0.1111111111111111
1948,Sweden,36,116,0.3103448275862069
1948,Switzerland,13,119,0.1092436974789916
1948,Syria,0,1,0.0
1948,Trinidad,1,9,0.1111111111111111
1948,Turkey,12,45,0.26666666666666666
1948,UK,18,156,0.11538461538461539
1948,USA,47,146,0.3219178082191781
1948,Uruguay,2,32,0.0625
1948,Venezuela,0,2,0.0
1952,Argentina,3,84,0.03571428571428571
1952,Australia,8,77,0.1038961038961039
1952,Austria,4,90,0.044444444444444446
1952,Bahamas,0,3,0.0
1952,Belgium,3,81,0.037037037037037035
1952,Bermuda,0,6,0.0
1952,Brazil,1,51,0.0196078431372549
1952,Bulgaria,1,40,0.025
1952,Canada,4,90,0.044444444444444446
1952,Chile,2,36,0.05555555555555555
1952,China,0,7,0.0
1952,Cuba,0,23,0.0
1952,Curacao,0,1,0.0
1952,Czech Republic,12,75,0.16
1952,Denmark,5,74,0.06756756756756757
1952,Egypt,1,65,0.015384615384615385
1952,Finland,25,155,0.16129032258064516
1952,France,13,146,0.08904109589041095
1952,Germany,21,176,0.11931818181818182
1952,Ghana,0,5,0.0
1952,Greece,0,26,0.0
1952,Guatemala,0,26,0.0
1952,Guyana,0,1,0.0
1952,Hungary,26,121,0.21487603305785125
1952,Iceland,0,18,0.0
1952,India,2,42,0.047619047619047616
1952,Indonesia,0,3,0.0
1952,Iran,6,22,0.2727272727272727
1952,Ireland,1,18,0.05555555555555555
1952,Israel,0,17,0.0
1952,Italy,18,131,0.13740458015267176
1952,Jamaica,3,10,0.3
1952,Japan,3,70,0.04285714285714286
1952,Lebanon,2,11,0.18181818181818182
1952,Liechtenstein,0,1,0.0
1952,Luxembourg,1,32,0.03125
1952,Mexico,0,35,0.0
1952,Monaco,0,6,0.0
1952,Myanmar,0,5,0.0
1952,Netherlands,5,66,0.07575757575757576
1952,New Zealand,3,19,0.15789473684210525
1952,Nigeria,0,5,0.0
1952,Norway,11,93,0.11827956989247312
1952,Pakistan,0,25,0.0
1952,Panama,0,1,0.0
1952,Philippines,0,14,0.0
1952,Poland,3,83,0.03614457831325301
1952,Portugal,1,46,0.021739130434782608
1952,Puerto Rico,0,19,0.0
1952,Romania,2,74,0.02702702702702703
1952,Russia,45,141,0.3191489361702128
1952,Serbia,3,53,0.05660377358490566
1952,South Africa,9,59,0.15254237288135594
1952,South Korea,2,16,0.125
1952,Spain,1,24,0.041666666666666664
1952,Sri Lanka,0,7,0.0
1952,Sweden,30,144,0.20833333333333334
1952,Switzerland,8,113,0.07079646017699115
1952,Thailand,0,7,0.0
1952,Trinidad,2,2,1.0
1952,Turkey,3,31,0.0967741935483871
1952,UK,10,139,0.07194244604316546
1952,USA,47,153,0.30718954248366015
1952,Uruguay,2,16,0.125
1952,Venezuela,1,37,0.02702702702702703
1952,Vietnam,0,7,0.0
1956,Afghanistan,0,1,0.0
1956,Argentina,2,32,0.0625
1956,Australia,20,154,0.12987012987012986
1956,Austria,4,56,0.07142857142857142
1956,Bahamas,1,4,0.25
1956,Belgium,2,44,0.045454545454545456
1956,Bermuda,0,1,0.0
1956,Boliva,0,2,0.0
1956,Brazil,1,30,0.03333333333333333
1956,Bulgaria,5,38,0.13157894736842105
1956,Cambodia,0,1,0.0
1956,Canada,7,103,0.06796116504854369
1956,Chile,4,25,0.16
1956,China,0,3,0.0
1956,Colombia,0,23,0.0
1956,Cuba,0,16,0.0
1956,Czech Republic,6,72,0.08333333333333333
1956,Denmark,4,29,0.13793103448275862
1956,Egypt,0,2,0.0
1956,Ethiopia,0,10,0.0
1956,Fiji,0,4,0.0
1956,Finland,16,83,0.1927710843373494
1956,France,12,118,0.1016949152542373
1956,Germany,18,124,0.14516129032258066
1956,Greece,1,16,0.0625
1956,Guyana,0,6,0.0
1956,Hungary,18,83,0.21686746987951808
1956,Iceland,1,9,0.1111111111111111
1956,India,1,32,0.03125
1956,Indonesia,0,11,0.0
1956,Iran,5,20,0.25
1956,Ireland,5,17,0.29411764705882354
1956,Israel,0,3,0.0
1956,Italy,22,102,0.21568627450980393
1956,Jamaica,0,6,0.0
1956,Japan,8,84,0.09523809523809523
1956,Kenya,0,10,0.0
1956,Lebanon,0,4,0.0
1956,Liberia,0,6,0.0
1956,Liechtenstein,0,4,0.0
1956,Luxembourg,0,22,0.0
1956,Malaysia,0,14,0.0
1956,Mexico,0,20,0.0
1956,Myanmar,0,11,0.0
1956,Netherlands,0,6,0.0
1956,New Zealand,2,28,0.07142857142857142
1956,Nigeria,0,6,0.0
1956,Norway,4,38,0.10526315789473684
1956,Pakistan,1,43,0.023255813953488372
1956,Peru,0,5,0.0
1956,Philippines,0,30,0.0
1956,Poland,6,65,0.09230769230769231
1956,Portugal,0,7,0.0
1956,Puerto Rico,0,9,0.0
1956,Romania,10,52,0.19230769230769232
1956,Russia,67,160,0.41875
1956,Serbia,3,29,0.10344827586206896
1956,South Africa,4,50,0.08
1956,South Korea,2,27,0.07407407407407407
1956,Spain,0,10,0.0
1956,Sri Lanka,0,3,0.0
1956,Sweden,19,102,0.18627450980392157
1956,Switzerland,3,25,0.12
1956,Taiwan,0,13,0.0
1956,Thailand,0,14,0.0
1956,Trinidad,0,7,0.0
1956,Turkey,7,23,0.30434782608695654
1956,UK,16,132,0.12121212121212122
1956,USA,49,165,0.296969696969697
1956,Uganda,0,5,0.0
1956,Uruguay,1,8,0.125
1956,Venezuela,0,16,0.0
1956,Vietnam,0,4,0.0
1960,Afghanistan,0,13,0.0
1960,Argentina,2,62,0.03225806451612903
1960,Australia,14,136,0.10294117647058823
1960,Austria,4,96,0.041666666666666664
1960,Bahamas,0,8,0.0
1960,Belgium,1,64,0.015625
1960,Bermuda,0,4,0.0
1960,Brazil,1,35,0.02857142857142857
1960,Bulgaria,6,73,0.0821917808219178
1960,Canada,3,99,0.030303030303030304
1960,Chile,0,11,0.0
1960,China,0,3,0.0
1960,Colombia,0,13,0.0
1960,Cuba,0,15,0.0
1960,Curacao,0,4,0.0
1960,Czech Republic,9,81,0.1111111111111111
1960,Denmark,6,49,0.12244897959183673
1960,Ethiopia,1,8,0.125
1960,Fiji,0,3,0.0
1960,Finland,10,110,0.09090909090909091
1960,France,3,141,0.02127659574468085
1960,Germany,35,175,0.2
1960,Ghana,1,12,0.08333333333333333
1960,Greece,1,38,0.02631578947368421
1960,Guyana,0,6,0.0
1960,Haiti,0,1,0.0
1960,Hungary,15,111,0.13513513513513514
1960,Iceland,0,15,0.0
1960,India,1,20,0.05
1960,Indonesia,0,17,0.0
1960,Iran,4,24,0.16666666666666666
1960,Iraq,1,23,0.043478260869565216
1960,Ireland,0,39,0.0
1960,Israel,0,28,0.0
1960,Italy,30,155,0.1935483870967742
1960,Japan,7,116,0.0603448275862069
1960,Kenya,0,13,0.0
1960,Lebanon,0,18,0.0
1960,Liberia,0,5,0.0
1960,Liechtenstein,0,9,0.0
1960,Luxembourg,0,48,0.0
1960,Malaysia,0,11,0.0
1960,Malta,0,6,0.0
1960,Mexico,1,55,0.01818181818181818
1960,Monaco,0,6,0.0
1960,Morocco,1,45,0.022222222222222223
1960,Myanmar,0,9,0.0
1960,Netherlands,4,59,0.06779661016949153
1960,New Zealand,1,34,0.029411764705882353
1960,Nigeria,0,12,0.0
1960,Norway,2,56,0.03571428571428571
1960,Pakistan,2,35,0.05714285714285714
1960,Panama,0,4,0.0
1960,Peru,0,8,0.0
1960,Philippines,0,27,0.0
1960,Poland,17,119,0.14285714285714285
1960,Portugal,1,52,0.019230769230769232
1960,Puerto Rico,0,13,0.0
1960,Romania,9,65,0.13846153846153847
1960,Russia,70,167,0.41916167664670656
1960,San Marino,0,5,0.0
1960,Serbia,2,64,0.03125
1960,South Africa,2,48,0.041666666666666664
1960,South Korea,0,51,0.0
1960,Spain,1,89,0.011235955056179775
1960,Sri Lanka,0,5,0.0
1960,Sudan,0,10,0.0
1960,Sweden,9,118,0.07627118644067797
1960,Switzerland,4,102,0.0392156862745098
1960,Syria,2,34,0.058823529411764705
1960,Taiwan,1,18,0.05555555555555555
1960,Thailand,0,16,0.0
1960,Trinidad,2,13,0.15384615384615385
1960,Tunisia,0,22,0.0
1960,Turkey,9,44,0.20454545454545456
1960,UK,11,146,0.07534246575342465
1960,USA,51,172,0.29651162790697677
1960,Uganda,0,11,0.0
1960,Uruguay,0,15,0.0
1960,Venezuela,0,26,0.0
1960,Vietnam,0,5,0.0
1960,Zimbabwe,0,17,0.0
1964,Afghanistan,0,8,0.0
1964,Algeria,0,7,0.0
1964,Argentina,0,86,0.0
1964,Australia,12,139,0.08633093525179857
1964,Austria,3,83,0.03614457831325301
1964,Bahamas,1,6,0.16666666666666666
1964,Belgium,2,42,0.047619047619047616
1964,Bermuda,0,2,0.0
1964,Boliva,0,1,0.0
1964,Brazil,1,17,0.058823529411764705
1964,Bulgaria,9,65,0.13846153846153847
1964,Cambodia,0,10,0.0
1964,Cameroon,0,2,0.0
1964,Canada,5,119,0.04201680672268908
1964,Chad,0,2,0.0
1964,Chile,0,16,0.0
1964,China,0,24,0.0
1964,Colombia,0,19,0.0
1964,Costa Rica,0,1,0.0
1964,Cuba,1,24,0.041666666666666664
1964,Curacao,0,4,0.0
1964,Czech Republic,14,89,0.15730337078651685
1964,Denmark,5,45,0.1111111111111111
1964,Dominican Republic,0,1,0.0
1964,Egypt,0,35,0.0
1964,Ethiopia,1,11,0.09090909090909091
1964,Finland,5,87,0.05747126436781609
1964,France,14,107,0.1308411214953271
1964,Germany,41,193,0.21243523316062177
1964,Ghana,1,18,0.05555555555555555
1964,Greece,0,19,0.0
1964,Guyana,0,1,0.0
1964,Hungary,15,129,0.11627906976744186
1964,Iceland,0,9,0.0
1964,India,1,43,0.023255813953488372
1964,Iran,2,61,0.03278688524590164
1964,Iraq,0,14,0.0
1964,Ireland,1,23,0.043478260869565216
1964,Israel,0,12,0.0
1964,Italy,19,116,0.16379310344827586
1964,Ivory Coast,0,10,0.0
1964,Jamaica,0,16,0.0
1964,Japan,19,177,0.10734463276836158
1964,Kenya,0,21,0.0
1964,Lebanon,0,6,0.0
1964,Liberia,0,2,0.0
1964,Liechtenstein,0,7,0.0
1964,Luxembourg,0,18,0.0
1964,Madagascar,0,4,0.0
1964,Malaysia,0,48,0.0
1964,Mali,0,2,0.0
1964,Mexico,1,58,0.017241379310344827
1964,Monaco,0,1,0.0
1964,Mongolia,0,40,0.0
1964,Morocco,0,10,0.0
1964,Myanmar,0,11,0.0
1964,Nepal,0,5,0.0
1964,Netherlands,11,64,0.171875
1964,New Zealand,4,35,0.11428571428571428
1964,Niger,0,1,0.0
1964,Nigeria,1,12,0.08333333333333333
1964,North Korea,0,10,0.0
1964,Norway,4,47,0.0851063829787234
1964,Pakistan,1,29,0.034482758620689655
1964,Panama,0,10,0.0
1964,Peru,0,19,0.0
1964,Philippines,1,45,0.022222222222222223
1964,Poland,19,111,0.17117117117117117
1964,Portugal,0,20,0.0
1964,Puerto Rico,0,29,0.0
1964,Republic of Congo,0,2,0.0
1964,Romania,9,82,0.10975609756097561
1964,Russia,70,181,0.3867403314917127
1964,Senegal,0,7,0.0
1964,Serbia,3,44,0.06818181818181818
1964,South Korea,3,105,0.02857142857142857
1964,Spain,0,38,0.0
1964,Sri Lanka,0,6,0.0
1964,Sweden,12,97,0.12371134020618557
1964,Switzerland,4,78,0.05128205128205128
1964,Taiwan,0,46,0.0
1964,Tanzania,0,4,0.0
1964,Thailand,0,41,0.0
1964,Trinidad,1,10,0.1
1964,Tunisia,2,9,0.2222222222222222
1964,Turkey,6,27,0.2222222222222222
1964,UK,12,143,0.08391608391608392
1964,USA,51,190,0.26842105263157895
1964,Uganda,0,14,0.0
1964,Uruguay,1,8,0.125
1964,Venezuela,0,16,0.0
1964,Vietnam,0,14,0.0
1964,Zambia,0,13,0.0
1964,Zimbabwe,0,15,0.0
1968,Afghanistan,0,5,0.0
1968,Algeria,0,9,0.0
1968,Argentina,2,65,0.03076923076923077
1968,Australia,9,112,0.08035714285714286
1968,Austria,6,65,0.09230769230769231
1968,Bahamas,0,12,0.0
1968,Barbados,0,10,0.0
1968,Belgium,2,55,0.03636363636363636
1968,Belize,0,6,0.0
1968,Bermuda,0,4,0.0
1968,Boliva,0,3,0.0
1968,Brazil,3,27,0.1111111111111111
1968,Bulgaria,9,77,0.11688311688311688
1968,Cameroon,1,5,0.2
1968,Canada,6,154,0.03896103896103896
1968,Central African Republic,0,1,0.0
1968,Chad,0,3,0.0
1968,Chile,0,24,0.0
1968,China,0,12,0.0
1968,Colombia,0,33,0.0
1968,Costa Rica,0,18,0.0
1968,Cuba,4,78,0.05128205128205128
1968,Curacao,0,4,0.0
1968,Czech Republic,14,87,0.16091954022988506
1968,Democratic Republic of the Congo,0,2,0.0
1968,Denmark,7,57,0.12280701754385964
1968,Dominican Republic,0,16,0.0
1968,Ecuador,0,21,0.0
1968,Egypt,0,18,0.0
1968,El Salvador,0,48,0.0
1968,Ethiopia,0,13,0.0
1968,Fiji,0,1,0.0
1968,Finland,3,85,0.03529411764705882
1968,France,16,138,0.11594202898550725
1968,Germany,44,338,0.1301775147928994
1968,Ghana,0,18,0.0
1968,Greece,1,32,0.03125
1968,Guatemala,0,37,0.0
1968,Guinea,0,1,0.0
1968,Guyana,0,6,0.0
1968,Honduras,0,4,0.0
1968,Hungary,26,129,0.20155038759689922
1968,Iceland,0,17,0.0
1968,India,1,14,0.07142857142857142
1968,Indonesia,0,5,0.0
1968,Iran,5,17,0.29411764705882354
1968,Iraq,0,4,0.0
1968,Ireland,0,32,0.0
1968,Israel,0,20,0.0
1968,Italy,13,127,0.10236220472440945
1968,Ivory Coast,0,7,0.0
1968,Jamaica,0,21,0.0
1968,Japan,13,125,0.104
1968,Kenya,5,22,0.22727272727272727
1968,Kuwait,0,1,0.0
1968,Lebanon,0,15,0.0
1968,Libya,0,1,0.0
1968,Liechtenstein,0,10,0.0
1968,Luxembourg,0,7,0.0
1968,Madagascar,0,6,0.0
1968,Malaysia,0,14,0.0
1968,Mali,0,2,0.0
1968,Malta,0,1,0.0
1968,Mexico,5,146,0.03424657534246575
1968,Monaco,0,1,0.0
1968,Mongolia,4,32,0.125
1968,Morocco,0,16,0.0
1968,Myanmar,0,3,0.0
1968,Netherlands,9,60,0.15
1968,New Zealand,2,32,0.0625
1968,Nicaragua,0,15,0.0
1968,Niger,0,2,0.0
1968,Nigeria,0,18,0.0
1968,Norway,10,63,0.15873015873015872
1968,Pakistan,1,3,0.3333333333333333
1968,Panama,0,5,0.0
1968,Paraguay,0,1,0.0
1968,Peru,0,21,0.0
1968,Philippines,0,53,0.0
1968,Poland,15,129,0.11627906976744186
1968,Portugal,0,24,0.0
1968,Puerto Rico,0,54,0.0
1968,Romania,13,73,0.1780821917808219
1968,Russia,64,194,0.32989690721649484
1968,San Marino,0,2,0.0
1968,Senegal,0,9,0.0
1968,Serbia,7,66,0.10606060606060606
1968,Sierra Leone,0,4,0.0
1968,South Korea,2,54,0.037037037037037035
1968,Spain,0,56,0.0
1968,Sri Lanka,0,3,0.0
1968,Sudan,0,7,0.0
1968,Suriname,0,1,0.0
1968,Sweden,9,126,0.07142857142857142
1968,Switzerland,9,87,0.10344827586206896
1968,Syria,0,2,0.0
1968,Taiwan,1,57,0.017543859649122806
1968,Tanzania,0,5,0.0
1968,Thailand,0,18,0.0
1968,Trinidad,0,14,0.0
1968,Tunisia,2,7,0.2857142857142857
1968,Turkey,2,34,0.058823529411764705
1968,UK,8,153,0.05228758169934641
1968,USA,50,199,0.25125628140703515
1968,Uganda,2,14,0.14285714285714285
1968,Uruguay,0,31,0.0
1968,Venezuela,1,17,0.058823529411764705
1968,Vietnam,0,7,0.0
1968,"Virgin Islands, US",0,5,0.0
1968,Zambia,0,5,0.0
1972,Afghanistan,0,8,0.0
1972,Albania,0,3,0.0
1972,Algeria,0,5,0.0
1972,Argentina,1,65,0.015384615384615385
1972,Australia,10,117,0.08547008547008547
1972,Austria,3,89,0.033707865168539325
1972,Bahamas,0,13,0.0
1972,Barbados,0,13,0.0
1972,Belgium,1,54,0.018518518518518517
1972,Belize,0,2,0.0
1972,Benin,0,3,0.0
1972,Bermuda,0,4,0.0
1972,Boliva,0,9,0.0
1972,Brazil,2,44,0.045454545454545456
1972,Bulgaria,19,98,0.19387755102040816
1972,Burkina Faso,0,1,0.0
1972,Cambodia,0,14,0.0
1972,Cameroon,0,12,0.0
1972,Canada,2,164,0.012195121951219513
1972,Chad,0,4,0.0
1972,Chile,0,9,0.0
1972,China,0,13,0.0
1972,Colombia,2,39,0.05128205128205128
1972,Costa Rica,0,4,0.0
1972,Cuba,8,69,0.11594202898550725
1972,Curacao,0,2,0.0
1972,Czech Republic,9,107,0.08411214953271028
1972,Denmark,1,73,0.0136986301369863
1972,Dominican Republic,0,4,0.0
1972,Ecuador,0,4,0.0
1972,Egypt,0,16,0.0
1972,El Salvador,0,12,0.0
1972,Ethiopia,0,20,0.0
1972,Fiji,0,4,0.0
1972,Finland,9,96,0.09375
1972,France,12,156,0.07692307692307693
1972,Gabon,0,1,0.0
1972,Germany,80,398,0.20100502512562815
1972,Ghana,1,17,0.058823529411764705
1972,Greece,2,48,0.041666666666666664
1972,Guatemala,0,10,0.0
1972,Guyana,0,4,0.0
1972,Haiti,0,7,0.0
1972,Hungary,30,135,0.2222222222222222
1972,Iceland,0,16,0.0
1972,India,1,27,0.037037037037037035
1972,Indonesia,0,7,0.0
1972,Iran,3,36,0.08333333333333333
1972,Ireland,0,54,0.0
1972,Israel,0,14,0.0
1972,Italy,12,144,0.08333333333333333
1972,Ivory Coast,0,7,0.0
1972,Jamaica,0,27,0.0
1972,Japan,18,148,0.12162162162162163
1972,Kenya,5,29,0.1724137931034483
1972,Kuwait,0,4,0.0
1972,Lebanon,1,25,0.04
1972,Lesotho,0,2,0.0
1972,Liberia,0,5,0.0
1972,Liechtenstein,0,18,0.0
1972,Luxembourg,0,8,0.0
1972,Madagascar,0,10,0.0
1972,Malawi,0,17,0.0
1972,Malaysia,0,20,0.0
1972,Mali,0,3,0.0
1972,Malta,0,2,0.0
1972,Mexico,1,112,0.008928571428571428
1972,Monaco,0,4,0.0
1972,Mongolia,1,45,0.022222222222222223
1972,Morocco,0,19,0.0
1972,Myanmar,0,7,0.0
1972,Nepal,0,1,0.0
1972,Netherlands,7,81,0.08641975308641975
1972,New Zealand,3,66,0.045454545454545456
1972,Nicaragua,0,10,0.0
1972,Niger,1,4,0.25
1972,Nigeria,1,24,0.041666666666666664
1972,North Korea,5,27,0.18518518518518517
1972,Norway,7,99,0.0707070707070707
1972,Pakistan,1,12,0.08333333333333333
1972,Panama,0,8,0.0
1972,Paraguay,0,3,0.0
1972,Peru,0,25,0.0
1972,Philippines,0,49,0.0
1972,Poland,16,167,0.09580838323353294
1972,Portugal,0,28,0.0
1972,Puerto Rico,0,37,0.0
1972,Republic of Congo,0,5,0.0
1972,Romania,14,110,0.12727272727272726
1972,Russia,75,213,0.352112676056338
1972,San Marino,0,4,0.0
1972,Saudi Arabia,0,11,0.0
1972,Senegal,0,23,0.0
1972,Serbia,5,79,0.06329113924050633
1972,Somalia,0,4,0.0
1972,South Korea,1,31,0.03225806451612903
1972,Spain,2,64,0.03125
1972,Sri Lanka,0,6,0.0
1972,Sudan,0,15,0.0
1972,Suriname,0,3,0.0
1972,Swaziland,0,4,0.0
1972,Sweden,14,120,0.11666666666666667
1972,Switzerland,6,132,0.045454545454545456
1972,Syria,0,4,0.0
1972,Taiwan,0,44,0.0
1972,Tanzania,0,16,0.0
1972,Thailand,0,21,0.0
1972,Togo,0,5,0.0
1972,Trinidad,0,16,0.0
1972,Tunisia,1,11,0.09090909090909091
1972,Turkey,1,43,0.023255813953488372
1972,UK,13,182,0.07142857142857142
1972,USA,47,220,0.21363636363636362
1972,Uganda,2,19,0.10526315789473684
1972,Uruguay,0,12,0.0
1972,Venezuela,0,27,0.0
1972,Vietnam,0,1,0.0
1972,"Virgin Islands, US",0,9,0.0
1972,Zambia,0,12,0.0
1976,Andorra,0,5,0.0
1976,Antigua,0,11,0.0
1976,Argentina,0,55,0.0
1976,Australia,5,128,0.0390625
1976,Austria,2,76,0.02631578947368421
1976,Bahamas,0,13,0.0
1976,Barbados,0,11,0.0
1976,Belgium,5,88,0.056818181818181816
1976,Belize,0,4,0.0
1976,Bermuda,1,12,0.08333333333333333
1976,Boliva,0,5,0.0
1976,Brazil,2,47,0.0425531914893617
1976,Bulgaria,20,117,0.17094017094017094
1976,Cameroon,0,1,0.0
1976,Canada,4,206,0.019417475728155338
1976,Cayman Islands,0,1,0.0
1976,Chile,0,11,0.0
1976,China,0,27,0.0
1976,Colombia,0,30,0.0
1976,Costa Rica,0,9,0.0
1976,Cuba,11,76,0.14473684210526316
1976,Curacao,0,4,0.0
1976,Czech Republic,8,106,0.07547169811320754
1976,Denmark,3,40,0.075
1976,Dominican Republic,0,10,0.0
1976,Ecuador,0,8,0.0
1976,Egypt,0,7,0.0
1976,Fiji,0,5,0.0
1976,Finland,6,89,0.06741573033707865
1976,France,7,148,0.0472972972972973
1976,Germany,101,361,0.27977839335180055
1976,Greece,0,39,0.0
1976,Guatemala,0,8,0.0
1976,Haiti,0,14,0.0
1976,Honduras,0,2,0.0
1976,Hungary,17,111,0.15315315315315314
1976,Iceland,0,29,0.0
1976,India,0,10,0.0
1976,Indonesia,0,11,0.0
1976,Iran,2,53,0.03773584905660377
1976,Ireland,0,34,0.0
1976,Israel,0,19,0.0
1976,Italy,11,149,0.0738255033557047
1976,Ivory Coast,0,8,0.0
1976,Jamaica,0,18,0.0
1976,Japan,16,148,0.10810810810810811
1976,Kuwait,0,13,0.0
1976,Lebanon,0,5,0.0
1976,Liechtenstein,1,19,0.05263157894736842
1976,Luxembourg,0,7,0.0
1976,Malaysia,0,9,0.0
1976,Mexico,2,54,0.037037037037037035
1976,Monaco,0,6,0.0
1976,Mongolia,1,29,0.034482758620689655
1976,Morocco,0,9,0.0
1976,Nepal,0,1,0.0
1976,Netherlands,8,68,0.11764705882352941
1976,New Zealand,3,58,0.05172413793103448
1976,Nicaragua,0,19,0.0
1976,North Korea,2,21,0.09523809523809523
1976,Norway,4,73,0.0547945205479452
1976,Pakistan,1,9,0.1111111111111111
1976,Panama,0,13,0.0
1976,Papua New Guinea,0,8,0.0
1976,Paraguay,0,6,0.0
1976,Peru,0,3,0.0
1976,Philippines,0,21,0.0
1976,Poland,22,141,0.15602836879432624
1976,Portugal,2,27,0.07407407407407407
1976,Puerto Rico,1,74,0.013513513513513514
1976,Romania,24,100,0.24
1976,Russia,109,224,0.48660714285714285
1976,San Marino,0,9,0.0
1976,Saudi Arabia,0,13,0.0
1976,Senegal,0,27,0.0
1976,Serbia,8,63,0.12698412698412698
1976,South Korea,6,36,0.16666666666666666
1976,Spain,2,71,0.028169014084507043
1976,Suriname,0,4,0.0
1976,Sweden,4,117,0.03418803418803419
1976,Switzerland,6,63,0.09523809523809523
1976,Taiwan,0,6,0.0
1976,Thailand,1,33,0.030303030303030304
1976,Trinidad,0,10,0.0
1976,Tunisia,0,5,0.0
1976,Turkey,0,33,0.0
1976,UK,10,170,0.058823529411764705
1976,USA,55,226,0.24336283185840707
1976,Uruguay,0,9,0.0
1976,Venezuela,1,35,0.02857142857142857
1976,"Virgin Islands, US",0,21,0.0
1980,Afghanistan,0,11,0.0
1980,Algeria,0,28,0.0
1980,Andorra,0,4,0.0
1980,Angola,0,14,0.0
1980,Argentina,0,8,0.0
1980,Australia,8,105,0.0761904761904762
1980,Austria,6,69,0.08695652173913043
1980,Belgium,1,54,0.018518518518518517
1980,Benin,0,17,0.0
1980,Boliva,0,3,0.0
1980,Botswana,0,8,0.0
1980,Brazil,4,72,0.05555555555555555
1980,Bulgaria,34,157,0.21656050955414013
1980,Cameroon,0,23,0.0
1980,Canada,1,26,0.038461538461538464
1980,China,0,19,0.0
1980,Colombia,0,7,0.0
1980,Costa Rica,0,21,0.0
1980,Cuba,19,92,0.20652173913043478
1980,Cyprus,0,17,0.0
1980,Czech Republic,13,137,0.0948905109489051
1980,Denmark,4,30,0.13333333333333333
1980,Dominican Republic,0,7,0.0
1980,Ecuador,0,13,0.0
1980,Ethiopia,2,26,0.07692307692307693
1980,Finland,7,95,0.07368421052631578
1980,France,11,101,0.10891089108910891
1980,Germany,97,230,0.4217391304347826
1980,Greece,3,33,0.09090909090909091
1980,Guatemala,0,7,0.0
1980,Guinea,0,10,0.0
1980,Guyana,1,10,0.1
1980,Hungary,25,152,0.16447368421052633
1980,Iceland,0,17,0.0
1980,India,1,30,0.03333333333333333
1980,Iraq,0,26,0.0
1980,Ireland,2,38,0.05263157894736842
1980,Italy,13,116,0.11206896551724138
1980,Jamaica,2,15,0.13333333333333333
1980,Japan,0,27,0.0
1980,Jordan,0,3,0.0
1980,Kuwait,0,26,0.0
1980,Laos,0,16,0.0
1980,Lebanon,1,21,0.047619047619047616
1980,Lesotho,0,6,0.0
1980,Libya,0,20,0.0
1980,Liechtenstein,1,8,0.125
1980,Luxembourg,0,4,0.0
1980,Madagascar,0,18,0.0
1980,Mali,0,7,0.0
1980,Malta,0,5,0.0
1980,Mexico,3,43,0.06976744186046512
1980,Mongolia,4,48,0.08333333333333333
1980,Mozambique,0,16,0.0
1980,Myanmar,0,2,0.0
1980,Nepal,0,9,0.0
1980,Netherlands,6,66,0.09090909090909091
1980,New Zealand,0,11,0.0
1980,Nicaragua,0,6,0.0
1980,Nigeria,0,22,0.0
1980,North Korea,4,40,0.1
1980,Norway,7,28,0.25
1980,Peru,0,26,0.0
1980,Poland,22,175,0.12571428571428572
1980,Portugal,0,17,0.0
1980,Puerto Rico,0,3,0.0
1980,Republic of Congo,0,8,0.0
1980,Romania,22,144,0.1527777777777778
1980,Russia,136,237,0.5738396624472574
1980,San Marino,0,10,0.0
1980,Senegal,0,22,0.0
1980,Serbia,9,80,0.1125
1980,Seychelles,0,15,0.0
1980,Sierra Leone,0,16,0.0
1980,South Korea,0,15,0.0
1980,Spain,6,83,0.07228915662650602
1980,Sri Lanka,0,1,0.0
1980,Sweden,11,134,0.08208955223880597
1980,Switzerland,5,68,0.07352941176470588
1980,Syria,0,55,0.0
1980,Tanzania,1,22,0.045454545454545456
1980,Trinidad,0,5,0.0
1980,UK,16,173,0.09248554913294797
1980,USA,6,38,0.15789473684210525
1980,Uganda,1,12,0.08333333333333333
1980,Venezuela,1,20,0.05
1980,Vietnam,0,31,0.0
1980,Zambia,0,25,0.0
1980,Zimbabwe,1,30,0.03333333333333333
1984,Algeria,2,17,0.11764705882352941
1984,Andorra,0,4,0.0
1984,Antigua,0,17,0.0
1984,Argentina,0,82,0.0
1984,Australia,22,152,0.14473684210526316
1984,Austria,2,99,0.020202020202020204
1984,Bahamas,0,23,0.0
1984,Bahrain,0,8,0.0
1984,Bangladesh,0,2,0.0
1984,Barbados,0,16,0.0
1984,Belgium,3,54,0.05555555555555555
1984,Belize,0,7,0.0
1984,Benin,0,3,0.0
1984,Bermuda,0,10,0.0
1984,Bhutan,0,2,0.0
1984,Boliva,0,14,0.0
1984,Botswana,0,6,0.0
1984,Brazil,7,82,0.08536585365853659
1984,Bulgaria,0,11,0.0
1984,Cameroon,1,32,0.03125
1984,Canada,41,223,0.18385650224215247
1984,Cayman Islands,0,7,0.0
1984,Central African Republic,0,3,0.0
1984,Chad,0,3,0.0
1984,Chile,0,28,0.0
1984,China,17,178,0.09550561797752809
1984,Colombia,1,34,0.029411764705882353
1984,Costa Rica,0,22,0.0
1984,Curacao,0,10,0.0
1984,Cyprus,0,13,0.0
1984,Czech Republic,5,22,0.22727272727272727
1984,Democratic Republic of the Congo,0,9,0.0
1984,Denmark,5,33,0.15151515151515152
1984,Djibouti,0,1,0.0
1984,Dominican Republic,1,20,0.05
1984,Ecuador,0,14,0.0
1984,Egypt,1,77,0.012987012987012988
1984,El Salvador,0,15,0.0
1984,Equatorial Guinea,0,5,0.0
1984,Fiji,0,22,0.0
1984,Finland,14,96,0.14583333333333334
1984,France,21,163,0.12883435582822086
1984,Gabon,0,4,0.0
1984,Gambia,0,9,0.0
1984,Germany,59,262,0.22519083969465647
1984,Ghana,0,17,0.0
1984,Greece,2,53,0.03773584905660377
1984,Grenada,0,6,0.0
1984,Guatemala,0,40,0.0
1984,Guinea,0,1,0.0
1984,Guyana,0,12,0.0
1984,Haiti,0,2,0.0
1984,Honduras,0,20,0.0
1984,Hungary,0,8,0.0
1984,Iceland,1,23,0.043478260869565216
1984,India,0,30,0.0
1984,Indonesia,0,16,0.0
1984,Iraq,0,11,0.0
1984,Ireland,0,35,0.0
1984,Israel,0,46,0.0
1984,Italy,24,184,0.13043478260869565
1984,Ivory Coast,1,14,0.07142857142857142
1984,Jamaica,1,35,0.02857142857142857
1984,Japan,24,176,0.13636363636363635
1984,Jordan,0,12,0.0
1984,Kenya,1,33,0.030303030303030304
1984,Kuwait,0,17,0.0
1984,Lebanon,0,22,0.0
1984,Lesotho,0,4,0.0
1984,Liberia,0,7,0.0
1984,Liechtenstein,0,15,0.0
1984,Luxembourg,0,4,0.0
1984,Madagascar,0,5,0.0
1984,Malawi,0,16,0.0
1984,Malaysia,0,12,0.0
1984,Mali,0,5,0.0
1984,Malta,0,6,0.0
1984,Mauritania,0,2,0.0
1984,Mauritius,0,7,0.0
1984,Mexico,4,90,0.044444444444444446
1984,Monaco,0,9,0.0
1984,Mongolia,0,3,0.0
1984,Morocco,2,20,0.1
1984,Mozambique,0,11,0.0
1984,Myanmar,0,1,0.0
1984,Nepal,0,8,0.0
1984,Netherlands,10,84,0.11904761904761904
1984,New Zealand,10,81,0.12345679012345678
1984,Nicaragua,0,5,0.0
1984,Niger,0,4,0.0
1984,Nigeria,2,24,0.08333333333333333
1984,North Korea,0,8,0.0
1984,Norway,8,104,0.07692307692307693
1984,Oman,0,14,0.0
1984,Pakistan,1,15,0.06666666666666667
1984,Panama,0,10,0.0
1984,Papua New Guinea,0,12,0.0
1984,Paraguay,0,15,0.0
1984,Peru,1,29,0.034482758620689655
1984,Philippines,0,28,0.0
1984,Poland,0,13,0.0
1984,Portugal,0,32,0.0
1984,Puerto Rico,2,46,0.043478260869565216
1984,Qatar,0,8,0.0
1984,Republic of Congo,0,10,0.0
1984,Romania,41,105,0.3904761904761905
1984,Russia,10,38,0.2631578947368421
1984,Rwanda,0,6,0.0
1984,Samoa,0,9,0.0
1984,San Marino,0,30,0.0
1984,Saudi Arabia,0,11,0.0
1984,Senegal,0,23,0.0
1984,Serbia,18,87,0.20689655172413793
1984,Seychelles,0,15,0.0
1984,Sierra Leone,0,6,0.0
1984,Solomon Islands,0,3,0.0
1984,Somalia,0,6,0.0
1984,South Korea,18,114,0.15789473684210525
1984,Spain,5,115,0.043478260869565216
1984,Sri Lanka,0,5,0.0
1984,Sudan,0,9,0.0
1984,Suriname,0,7,0.0
1984,Swaziland,0,11,0.0
1984,Sweden,17,167,0.10179640718562874
1984,Switzerland,6,116,0.05172413793103448
1984,Syria,1,9,0.1111111111111111
1984,Taiwan,1,49,0.02040816326530612
1984,Tanzania,0,14,0.0
1984,Thailand,1,25,0.04
1984,Togo,0,6,0.0
1984,Tonga,0,7,0.0
1984,Trinidad,0,14,0.0
1984,Tunisia,0,17,0.0
1984,Turkey,3,52,0.057692307692307696
1984,UK,19,216,0.08796296296296297
1984,USA,114,256,0.4453125
1984,Uganda,0,24,0.0
1984,United Arab Emirates,0,8,0.0
1984,Uruguay,0,11,0.0
1984,Venezuela,2,29,0.06896551724137931
1984,"Virgin Islands, British",0,9,0.0
1984,"Virgin Islands, US",0,31,0.0
1984,Yemen,0,3,0.0
1984,Zambia,1,18,0.05555555555555555
1984,Zimbabwe,0,18,0.0
1988,Afghanistan,0,5,0.0
1988,Algeria,0,29,0.0
1988,American Samoa,0,6,0.0
1988,Andorra,0,9,0.0
1988,Angola,0,27,0.0
1988,Antigua,0,19,0.0
1988,Argentina,1,69,0.014492753623188406
1988,Aruba,0,10,0.0
1988,Australia,13,165,0.07878787878787878
1988,Austria,4,102,0.0392156862745098
1988,Bahamas,0,15,0.0
1988,Bahrain,0,7,0.0
1988,Bangladesh,0,8,0.0
1988,Barbados,0,20,0.0
1988,Belgium,2,66,0.030303030303030304
1988,Belize,0,7,0.0
1988,Benin,0,7,0.0
1988,Bermuda,0,12,0.0
1988,Bhutan,0,2,0.0
1988,Boliva,0,14,0.0
1988,Botswana,0,8,0.0
1988,Brazil,5,106,0.04716981132075472
1988,Bulgaria,28,137,0.20437956204379562
1988,Burkina Faso,0,7,0.0
1988,Cameroon,0,21,0.0
1988,Canada,9,238,0.037815126050420166
1988,Cayman Islands,0,7,0.0
1988,Central African Republic,0,4,0.0
1988,Chad,0,6,0.0
1988,Chile,1,19,0.05263157894736842
1988,China,13,212,0.06132075471698113
1988,Colombia,1,34,0.029411764705882353
1988,Cook Islands,0,8,0.0
1988,Costa Rica,0,22,0.0
1988,Curacao,1,6,0.16666666666666666
1988,Cyprus,0,15,0.0
1988,Czech Republic,6,133,0.045112781954887216
1988,Democratic Republic of the Congo,0,15,0.0
1988,Denmark,3,74,0.04054054054054054
1988,Djibouti,0,5,0.0
1988,Dominican Republic,0,15,0.0
1988,Ecuador,0,15,0.0
1988,Egypt,0,36,0.0
1988,El Salvador,0,7,0.0
1988,Equatorial Guinea,0,7,0.0
1988,Fiji,0,32,0.0
1988,Finland,5,88,0.056818181818181816
1988,France,10,202,0.04950495049504951
1988,Gabon,0,2,0.0
1988,Gambia,0,6,0.0
1988,Germany,107,427,0.2505854800936768
1988,Ghana,0,13,0.0
1988,Greece,1,52,0.019230769230769232
1988,Grenada,0,7,0.0
1988,Guam,0,23,0.0
1988,Guatemala,0,24,0.0
1988,Guinea,0,7,0.0
1988,Guyana,0,8,0.0
1988,Haiti,0,5,0.0
1988,Honduras,0,15,0.0
1988,Hungary,18,141,0.1276595744680851
1988,Iceland,0,31,0.0
1988,India,0,29,0.0
1988,Indonesia,1,32,0.03125
1988,Iran,1,21,0.047619047619047616
1988,Iraq,0,13,0.0
1988,Ireland,0,47,0.0
1988,Israel,0,20,0.0
1988,Italy,12,175,0.06857142857142857
1988,Ivory Coast,0,10,0.0
1988,Jamaica,2,24,0.08333333333333333
1988,Japan,12,206,0.05825242718446602
1988,Jordan,0,9,0.0
1988,Kenya,5,50,0.1
1988,Kuwait,0,24,0.0
1988,Laos,0,3,0.0
1988,Lebanon,0,31,0.0
1988,Lesotho,0,5,0.0
1988,Liberia,0,10,0.0
1988,Libya,0,5,0.0
1988,Liechtenstein,1,29,0.034482758620689655
1988,Luxembourg,0,14,0.0
1988,Malawi,0,16,0.0
1988,Malaysia,0,15,0.0
1988,Maldives,0,5,0.0
1988,Mali,0,8,0.0
1988,Malta,0,6,0.0
1988,Mauritania,0,7,0.0
1988,Mauritius,0,9,0.0
1988,Mexico,2,93,0.021505376344086023
1988,Monaco,0,12,0.0
1988,Mongolia,1,34,0.029411764705882353
1988,Morocco,3,27,0.1111111111111111
1988,Mozambique,0,12,0.0
1988,Myanmar,0,3,0.0
1988,Nepal,0,17,0.0
1988,Netherlands,8,96,0.08333333333333333
1988,New Zealand,11,68,0.16176470588235295
1988,Niger,0,4,0.0
1988,Nigeria,0,44,0.0
1988,North Korea,0,10,0.0
1988,Norway,7,74,0.0945945945945946
1988,Oman,0,9,0.0
1988,Pakistan,1,15,0.06666666666666667
1988,Panama,0,9,0.0
1988,Papua New Guinea,0,15,0.0
1988,Paraguay,0,11,0.0
1988,Peru,1,15,0.06666666666666667
1988,Philippines,1,41,0.024390243902439025
1988,Poland,13,121,0.10743801652892562
1988,Portugal,0,61,0.0
1988,Puerto Rico,0,52,0.0
1988,Qatar,0,10,0.0
1988,Republic of Congo,0,7,0.0
1988,Romania,15,71,0.2112676056338028
1988,Russia,96,261,0.367816091954023
1988,Rwanda,0,7,0.0
1988,Saint Vincent,0,6,0.0
1988,Samoa,0,11,0.0
1988,San Marino,0,17,0.0
1988,Saudi Arabia,0,12,0.0
1988,Senegal,1,23,0.043478260869565216
1988,Serbia,11,94,0.11702127659574468
1988,Sierra Leone,0,14,0.0
1988,Solomon Islands,0,5,0.0
1988,Somalia,0,4,0.0
1988,South Korea,27,240,0.1125
1988,Spain,3,146,0.02054794520547945
1988,Sri Lanka,0,9,0.0
1988,Sudan,0,8,0.0
1988,Suriname,1,10,0.1
1988,Swaziland,0,11,0.0
1988,Sweden,14,147,0.09523809523809523
1988,Switzerland,6,111,0.05405405405405406
1988,Syria,0,13,0.0
1988,Taiwan,0,93,0.0
1988,Tanzania,0,9,0.0
1988,Thailand,1,12,0.08333333333333333
1988,Togo,0,6,0.0
1988,Tonga,0,7,0.0
1988,Trinidad,0,9,0.0
1988,Tunisia,0,14,0.0
1988,Turkey,2,45,0.044444444444444446
1988,UK,16,226,0.07079646017699115
1988,USA,68,276,0.2463768115942029
1988,Uganda,0,22,0.0
1988,United Arab Emirates,0,15,0.0
1988,Uruguay,0,14,0.0
1988,Vanuatu,0,6,0.0
1988,Venezuela,0,15,0.0
1988,Vietnam,0,12,0.0
1988,"Virgin Islands, British",0,4,0.0
1988,"Virgin Islands, US",1,31,0.03225806451612903
1988,Yemen,0,13,0.0
1988,Zambia,0,11,0.0
1988,Zimbabwe,0,38,0.0
1992,Albania,0,8,0.0
1992,Algeria,2,32,0.0625
1992,American Samoa,0,3,0.0
1992,Andorra,0,11,0.0
1992,Angola,0,21,0.0
1992,Antigua,0,15,0.0
1992,Argentina,1,89,0.011235955056179775
1992,Aruba,0,4,0.0
1992,Australia,18,177,0.1016949152542373
1992,Austria,8,106,0.07547169811320754
1992,Bahamas,0,13,0.0
1992,Bahrain,0,10,0.0
1992,Bangladesh,0,6,0.0
1992,Barbados,0,17,0.0
1992,Belgium,3,73,0.0410958904109589
1992,Belize,0,10,0.0
1992,Benin,0,6,0.0
1992,Bermuda,0,21,0.0
1992,Bhutan,0,4,0.0
1992,Boliva,0,20,0.0
1992,Bosnia and Herzegovina,0,13,0.0
1992,Botswana,0,6,0.0
1992,Brazil,3,114,0.02631578947368421
1992,Bulgaria,15,143,0.1048951048951049
1992,Burkina Faso,0,4,0.0
1992,Cameroon,0,9,0.0
1992,Canada,22,250,0.088
1992,Cayman Islands,0,7,0.0
1992,Central African Republic,0,16,0.0
1992,Chad,0,7,0.0
1992,Chile,0,16,0.0
1992,China,32,215,0.14883720930232558
1992,Colombia,0,31,0.0
1992,Cook Islands,0,2,0.0
1992,Costa Rica,0,20,0.0
1992,Croatia,3,31,0.0967741935483871
1992,Cuba,26,90,0.28888888888888886
1992,Curacao,0,5,0.0
1992,Cyprus,0,22,0.0
1992,Czech Republic,7,165,0.04242424242424243
1992,Democratic Republic of the Congo,0,14,0.0
1992,Denmark,5,77,0.06493506493506493
1992,Djibouti,0,7,0.0
1992,Dominican Republic,0,13,0.0
1992,Ecuador,0,15,0.0
1992,Egypt,0,32,0.0
1992,El Salvador,0,6,0.0
1992,Equatorial Guinea,0,8,0.0
1992,Estonia,2,53,0.03773584905660377
1992,Ethiopia,1,11,0.09090909090909091
1992,Fiji,0,32,0.0
1992,Finland,6,115,0.05217391304347826
1992,France,21,245,0.08571428571428572
1992,Gabon,0,5,0.0
1992,Gambia,0,5,0.0
1992,Germany,71,288,0.2465277777777778
1992,Ghana,1,13,0.07692307692307693
1992,Greece,2,65,0.03076923076923077
1992,Grenada,0,5,0.0
1992,Guam,0,27,0.0
1992,Guatemala,0,27,0.0
1992,Guinea,0,11,0.0
1992,Guyana,0,7,0.0
1992,Haiti,0,8,0.0
1992,Honduras,0,28,0.0
1992,Hungary,21,185,0.11351351351351352
1992,Iceland,0,24,0.0
1992,India,0,38,0.0
1992,Individual Olympic Athletes,1,54,0.018518518518518517
1992,Indonesia,2,31,0.06451612903225806
1992,Iran,3,36,0.08333333333333333
1992,Iraq,0,8,0.0
1992,Ireland,2,48,0.041666666666666664
1992,Israel,2,42,0.047619047619047616
1992,Italy,22,218,0.10091743119266056
1992,Ivory Coast,0,11,0.0
1992,Jamaica,3,25,0.12
1992,Japan,24,216,0.1111111111111111
1992,Jordan,0,5,0.0
1992,Kenya,3,29,0.10344827586206896
1992,Kuwait,0,18,0.0
1992,Laos,0,7,0.0
1992,Latvia,3,46,0.06521739130434782
1992,Lebanon,0,18,0.0
1992,Lesotho,0,8,0.0
1992,Libya,0,5,0.0
1992,Liechtenstein,0,18,0.0
1992,Lithuania,1,43,0.023255813953488372
1992,Luxembourg,2,13,0.15384615384615385
1992,Madagascar,0,15,0.0
1992,Malawi,0,4,0.0
1992,Malaysia,0,11,0.0
1992,Maldives,0,8,0.0
1992,Mali,0,6,0.0
1992,Malta,0,8,0.0
1992,Mauritania,0,6,0.0
1992,Mauritius,0,17,0.0
1992,Mexico,1,86,0.011627906976744186
1992,Monaco,0,6,0.0
1992,Mongolia,1,39,0.02564102564102564
1992,Morocco,2,32,0.0625
1992,Mozambique,0,7,0.0
1992,Myanmar,0,5,0.0
1992,Namibia,2,9,0.2222222222222222
1992,Nepal,0,2,0.0
1992,Netherlands,11,118,0.09322033898305085
1992,New Zealand,8,93,0.08602150537634409
1992,Nicaragua,0,9,0.0
1992,Niger,0,3,0.0
1992,Nigeria,4,34,0.11764705882352941
1992,North Korea,7,74,0.0945945945945946
1992,Norway,14,109,0.12844036697247707
1992,Oman,0,5,0.0
1992,Pakistan,1,12,0.08333333333333333
1992,Panama,0,7,0.0
1992,Papua New Guinea,0,16,0.0
1992,Paraguay,0,12,0.0
1992,Peru,1,18,0.05555555555555555
1992,Philippines,1,31,0.03225806451612903
1992,Poland,16,171,0.0935672514619883
1992,Portugal,0,71,0.0
1992,Puerto Rico,1,59,0.01694915254237288
1992,Qatar,1,11,0.09090909090909091
1992,Republic of Congo,0,7,0.0
1992,Romania,15,165,0.09090909090909091
1992,Russia,75,286,0.26223776223776224
1992,Rwanda,0,8,0.0
1992,Saint Vincent,0,5,0.0
1992,Samoa,0,5,0.0
1992,San Marino,0,20,0.0
1992,Saudi Arabia,0,13,0.0
1992,Senegal,0,25,0.0
1992,Serbia,0,22,0.0
1992,Seychelles,0,18,0.0
1992,Sierra Leone,0,12,0.0
1992,Slovenia,2,55,0.03636363636363636
1992,Solomon Islands,0,1,0.0
1992,South Africa,2,87,0.022988505747126436
1992,South Korea,22,157,0.14012738853503184
1992,Spain,18,210,0.08571428571428572
1992,Sri Lanka,0,16,0.0
1992,Sudan,0,7,0.0
1992,Suriname,0,7,0.0
1992,Swaziland,0,13,0.0
1992,Sweden,11,160,0.06875
1992,Switzerland,2,111,0.018018018018018018
1992,Syria,0,9,0.0
1992,Taiwan,1,21,0.047619047619047616
1992,Tanzania,0,7,0.0
1992,Thailand,1,47,0.02127659574468085
1992,Togo,0,5,0.0
1992,Tonga,0,5,0.0
1992,Trinidad,0,7,0.0
1992,Tunisia,0,13,0.0
1992,Turkey,6,48,0.125
1992,UK,16,233,0.06866952789699571
1992,USA,75,304,0.24671052631578946
1992,Uganda,0,9,0.0
1992,United Arab Emirates,0,19,0.0
1992,Uruguay,0,15,0.0
1992,Vanuatu,0,8,0.0
1992,Venezuela,0,16,0.0
1992,Vietnam,0,10,0.0
1992,"Virgin Islands, British",0,2,0.0
1992,"Virgin Islands, US",0,38,0.0
1992,Yemen,0,8,0.0
1992,Zambia,0,11,0.0
1992,Zimbabwe,0,22,0.0
1994,American Samoa,0,1,0.0
1994,Andorra,0,7,0.0
1994,Argentina,0,11,0.0
1994,Armenia,0,1,0.0
1994,Australia,1,26,0.038461538461538464
1994,Austria,3,38,0.07894736842105263
1994,Belarus,1,29,0.034482758620689655
1994,Belgium,0,6,0.0
1994,Bermuda,0,1,0.0
1994,Bosnia and Herzegovina,0,8,0.0
1994,Brazil,0,1,0.0
1994,Bulgaria,0,22,0.0
1994,Canada,7,47,0.14893617021276595
1994,Chile,0,3,0.0
1994,China,1,17,0.058823529411764705
1994,Croatia,0,7,0.0
1994,Cyprus,0,1,0.0
1994,Czech Republic,0,27,0.0
1994,Denmark,0,6,0.0
1994,Estonia,0,21,0.0
1994,Fiji,0,1,0.0
1994,Finland,4,31,0.12903225806451613
1994,France,4,45,0.08888888888888889
1994,Georgia,0,6,0.0
1994,Germany,9,48,0.1875
1994,Greece,0,9,0.0
1994,Hungary,0,18,0.0
1994,Iceland,0,9,0.0
1994,Israel,0,1,0.0
1994,Italy,7,53,0.1320754716981132
1994,Jamaica,0,2,0.0
1994,Japan,3,49,0.061224489795918366
1994,Kazakhstan,0,32,0.0
1994,Kyrgyzstan,0,2,0.0
1994,Latvia,0,20,0.0
1994,Liechtenstein,0,11,0.0
1994,Lithuania,0,12,0.0
1994,Luxembourg,0,5,0.0
1994,Mexico,0,1,0.0
1994,Moldova,0,4,0.0
1994,Monaco,0,3,0.0
1994,Mongolia,0,2,0.0
1994,Netherlands,1,17,0.058823529411764705
1994,New Zealand,0,8,0.0
1994,Norway,11,48,0.22916666666666666
1994,Poland,0,26,0.0
1994,Portugal,0,4,0.0
1994,Puerto Rico,0,2,0.0
1994,Romania,0,26,0.0
1994,Russia,8,56,0.14285714285714285
1994,San Marino,0,2,0.0
1994,Senegal,0,1,0.0
1994,Slovakia,0,22,0.0
1994,Slovenia,1,18,0.05555555555555555
1994,South Africa,0,3,0.0
1994,South Korea,4,19,0.21052631578947367
1994,Spain,0,14,0.0
1994,Sweden,1,45,0.022222222222222223
1994,Switzerland,4,35,0.11428571428571428
1994,Taiwan,0,1,0.0
1994,Trinidad,0,1,0.0
1994,Turkey,0,1,0.0
1994,UK,2,27,0.07407407407407407
1994,USA,4,59,0.06779661016949153
1994,Ukraine,1,32,0.03125
1994,Uzbekistan,1,4,0.25
1994,"Virgin Islands, US",0,4,0.0
1996,Afghanistan,0,2,0.0
1996,Albania,0,7,0.0
1996,Algeria,2,29,0.06896551724137931
1996,American Samoa,0,6,0.0
1996,Andorra,0,7,0.0
1996,Angola,0,8,0.0
1996,Antigua,0,9,0.0
1996,Argentina,3,102,0.029411764705882353
1996,Armenia,2,36,0.05555555555555555
1996,Aruba,0,3,0.0
1996,Australia,33,211,0.15639810426540285
1996,Austria,1,53,0.018867924528301886
1996,Azerbaijan,1,23,0.043478260869565216
1996,Bahamas,1,17,0.058823529411764705
1996,Bahrain,0,3,0.0
1996,Bangladesh,0,4,0.0
1996,Barbados,0,21,0.0
1996,Belarus,8,115,0.06956521739130435
1996,Belgium,6,55,0.10909090909090909
1996,Belize,0,5,0.0
1996,Benin,0,4,0.0
1996,Bermuda,0,9,0.0
1996,Bhutan,0,2,0.0
1996,Boliva,0,9,0.0
1996,Bosnia and Herzegovina,0,12,0.0
1996,Botswana,0,4,0.0
1996,Brazil,13,93,0.13978494623655913
1996,Brunei,0,1,0.0
1996,Bulgaria,12,89,0.1348314606741573
1996,Burkina Faso,0,5,0.0
1996,Burundi,1,6,0.16666666666666666
1996,Cambodia,0,5,0.0
1996,Cameroon,0,13,0.0
1996,Canada,21,189,0.1111111111111111
1996,Cape Verde,0,3,0.0
1996,Cayman Islands,0,7,0.0
1996,Central African Republic,0,5,0.0
1996,Chad,0,4,0.0
1996,Chile,0,18,0.0
1996,China,29,180,0.16111111111111112
1996,Colombia,0,44,0.0
1996,Comoros,0,4,0.0
1996,Cook Islands,0,3,0.0
1996,Costa Rica,1,13,0.07692307692307693
1996,Croatia,2,57,0.03508771929824561
1996,Cuba,23,84,0.27380952380952384
1996,Curacao,0,7,0.0
1996,Cyprus,0,16,0.0
1996,Czech Republic,9,110,0.08181818181818182
1996,Democratic Republic of the Congo,0,2,0.0
1996,Denmark,5,66,0.07575757575757576
1996,Djibouti,0,4,0.0
1996,Dominica,0,6,0.0
1996,Dominican Republic,0,16,0.0
1996,Ecuador,1,18,0.05555555555555555
1996,Egypt,0,17,0.0
1996,El Salvador,0,10,0.0
1996,Equatorial Guinea,0,5,0.0
1996,Estonia,0,36,0.0
1996,Ethiopia,1,10,0.1
1996,Fiji,0,14,0.0
1996,Finland,1,74,0.013513513513513514
1996,France,26,183,0.14207650273224043
1996,Gabon,0,6,0.0
1996,Gambia,0,6,0.0
1996,Georgia,2,39,0.05128205128205128
1996,Germany,50,234,0.21367521367521367
1996,Ghana,0,15,0.0
1996,Greece,8,94,0.0851063829787234
1996,Grenada,0,2,0.0
1996,Guam,0,9,0.0
1996,Guatemala,0,20,0.0
1996,Guinea,0,5,0.0
1996,Guinea-Bissau,0,3,0.0
1996,Guyana,0,6,0.0
1996,Haiti,0,7,0.0
1996,Honduras,0,7,0.0
1996,Hungary,17,145,0.11724137931034483
1996,Iceland,0,15,0.0
1996,India,1,31,0.03225806451612903
1996,Indonesia,2,23,0.08695652173913043
1996,Iran,3,18,0.16666666666666666
1996,Iraq,0,3,0.0
1996,Ireland,4,70,0.05714285714285714
1996,Israel,1,26,0.038461538461538464
1996,Italy,25,172,0.14534883720930233
1996,Ivory Coast,0,8,0.0
1996,Jamaica,4,29,0.13793103448275862
1996,Japan,14,168,0.08333333333333333
1996,Jordan,0,5,0.0
1996,Kazakhstan,11,99,0.1111111111111111
1996,Kenya,2,27,0.07407407407407407
1996,Kuwait,0,16,0.0
1996,Kyrgyzstan,0,39,0.0
1996,Laos,0,2,0.0
1996,Latvia,1,47,0.02127659574468085
1996,Lebanon,0,1,0.0
1996,Lesotho,0,5,0.0
1996,Liberia,0,3,0.0
1996,Libya,0,5,0.0
1996,Liechtenstein,0,2,0.0
1996,Lithuania,1,49,0.02040816326530612
1996,Luxembourg,0,7,0.0
1996,Macedonia,0,16,0.0
1996,Madagascar,0,10,0.0
1996,Malawi,0,2,0.0
1996,Malaysia,1,21,0.047619047619047616
1996,Maldives,0,6,0.0
1996,Mali,0,4,0.0
1996,Malta,0,10,0.0
1996,Mauritania,0,4,0.0
1996,Mauritius,0,23,0.0
1996,Mexico,0,57,0.0
1996,Moldova,2,41,0.04878048780487805
1996,Monaco,0,4,0.0
1996,Mongolia,1,16,0.0625
1996,Morocco,2,28,0.07142857142857142
1996,Mozambique,1,3,0.3333333333333333
1996,Myanmar,0,3,0.0
1996,Namibia,2,10,0.2
1996,Nauru,0,3,0.0
1996,Nepal,0,6,0.0
1996,Netherlands,14,94,0.14893617021276595
1996,New Zealand,4,81,0.04938271604938271
1996,Nicaragua,0,9,0.0
1996,Niger,0,3,0.0
1996,Nigeria,5,38,0.13157894736842105
1996,North Korea,5,25,0.2
1996,Norway,6,65,0.09230769230769231
1996,Oman,0,5,0.0
1996,Pakistan,0,9,0.0
1996,Palestine,0,1,0.0
1996,Panama,0,9,0.0
1996,Papua New Guinea,0,11,0.0
1996,Paraguay,0,7,0.0
1996,Peru,0,22,0.0
1996,Philippines,1,18,0.05555555555555555
1996,Poland,14,126,0.1111111111111111
1996,Portugal,1,79,0.012658227848101266
1996,Puerto Rico,1,60,0.016666666666666666
1996,Qatar,0,10,0.0
1996,Republic of Congo,0,5,0.0
1996,Romania,14,122,0.11475409836065574
1996,Russia,36,212,0.16981132075471697
1996,Rwanda,0,4,0.0
1996,Saint Kitts,0,5,0.0
1996,Saint Lucia,0,5,0.0
1996,Saint Vincent,0,6,0.0
1996,Samoa,0,5,0.0
1996,San Marino,0,7,0.0
1996,Sao Tome and Principe,0,2,0.0
1996,Saudi Arabia,0,13,0.0
1996,Senegal,0,8,0.0
1996,Serbia,2,35,0.05714285714285714
1996,Seychelles,0,9,0.0
1996,Sierra Leone,0,10,0.0
1996,Slovakia,3,69,0.043478260869565216
1996,Slovenia,1,34,0.029411764705882353
1996,Solomon Islands,0,4,0.0
1996,Somalia,0,4,0.0
1996,South Africa,3,62,0.04838709677419355
1996,South Korea,21,160,0.13125
1996,Spain,14,157,0.08917197452229299
1996,Sri Lanka,0,9,0.0
1996,Sudan,0,4,0.0
1996,Suriname,0,11,0.0
1996,Swaziland,0,5,0.0
1996,Sweden,7,109,0.06422018348623854
1996,Switzerland,4,83,0.04819277108433735
1996,Syria,1,8,0.125
1996,Taiwan,0,63,0.0
1996,Tajikistan,0,8,0.0
1996,Tanzania,0,5,0.0
1996,Thailand,2,42,0.047619047619047616
1996,Togo,0,4,0.0
1996,Tonga,1,5,0.2
1996,Trinidad,2,14,0.14285714285714285
1996,Tunisia,1,24,0.041666666666666664
1996,Turkey,6,55,0.10909090909090909
1996,Turkmenistan,0,7,0.0
1996,UK,11,175,0.06285714285714286
1996,USA,73,263,0.27756653992395436
1996,Uganda,1,9,0.1111111111111111
1996,Ukraine,15,148,0.10135135135135136
1996,United Arab Emirates,0,4,0.0
1996,Uruguay,0,14,0.0
1996,Uzbekistan,2,70,0.02857142857142857
1996,Vanuatu,0,4,0.0
1996,Venezuela,0,36,0.0
1996,Vietnam,0,6,0.0
1996,"Virgin Islands, British",0,5,0.0
1996,"Virgin Islands, US",0,11,0.0
1996,Yemen,0,4,0.0
1996,Zambia,1,8,0.125
1996,Zimbabwe,0,15,0.0
1998,Andorra,0,5,0.0
1998,Argentina,0,6,0.0
1998,Armenia,0,5,0.0
1998,Australia,1,22,0.045454545454545456
1998,Austria,6,48,0.125
1998,Azerbaijan,0,3,0.0
1998,Belarus,2,29,0.06896551724137931
1998,Belgium,1,3,0.3333333333333333
1998,Bermuda,0,1,0.0
1998,Bosnia and Herzegovina,0,8,0.0
1998,Brazil,0,1,0.0
1998,Bulgaria,1,22,0.045454545454545456
1998,Canada,7,55,0.12727272727272726
1998,Chile,0,3,0.0
1998,China,4,29,0.13793103448275862
1998,Croatia,0,10,0.0
1998,Cyprus,0,1,0.0
1998,Czech Republic,1,36,0.027777777777777776
1998,Denmark,1,14,0.07142857142857142
1998,Estonia,0,17,0.0
1998,Finland,6,34,0.17647058823529413
1998,France,4,47,0.0851063829787234
1998,Georgia,0,6,0.0
1998,Germany,8,58,0.13793103448275862
1998,Greece,0,11,0.0
1998,Hungary,0,18,0.0
1998,Iceland,0,5,0.0
1998,India,0,1,0.0
1998,Iran,0,1,0.0
1998,Ireland,0,4,0.0
1998,Israel,0,2,0.0
1998,Italy,5,54,0.09259259259259259
1998,Jamaica,0,2,0.0
1998,Japan,5,65,0.07692307692307693
1998,Kazakhstan,1,34,0.029411764705882353
1998,Kenya,0,1,0.0
1998,Kyrgyzstan,0,2,0.0
1998,Latvia,0,23,0.0
1998,Liechtenstein,0,12,0.0
1998,Lithuania,0,13,0.0
1998,Luxembourg,0,1,0.0
1998,Macedonia,0,3,0.0
1998,Moldova,0,4,0.0
1998,Monaco,0,2,0.0
1998,Mongolia,0,3,0.0
1998,Netherlands,2,16,0.125
1998,New Zealand,0,8,0.0
1998,North Korea,0,7,0.0
1998,Norway,11,48,0.22916666666666666
1998,Poland,0,35,0.0
1998,Portugal,0,2,0.0
1998,Puerto Rico,0,3,0.0
1998,Romania,0,22,0.0
1998,Russia,8,52,0.15384615384615385
1998,Serbia,0,2,0.0
1998,Slovakia,0,20,0.0
1998,Slovenia,0,25,0.0
1998,South Africa,0,3,0.0
1998,South Korea,3,28,0.10714285714285714
1998,Spain,0,8,0.0
1998,Sweden,2,42,0.047619047619047616
1998,Switzerland,2,39,0.05128205128205128
1998,Taiwan,0,5,0.0
1998,Trinidad,0,1,0.0
1998,Turkey,0,1,0.0
1998,UK,1,19,0.05263157894736842
1998,USA,3,68,0.04411764705882353
1998,Ukraine,1,41,0.024390243902439025
1998,Uruguay,0,1,0.0
1998,Uzbekistan,0,4,0.0
1998,Venezuela,0,1,0.0
1998,"Virgin Islands, US",0,3,0.0
2000,Albania,0,5,0.0
2000,Algeria,3,42,0.07142857142857142
2000,American Samoa,0,4,0.0
2000,Andorra,0,5,0.0
2000,Angola,0,7,0.0
2000,Antigua,0,4,0.0
2000,Argentina,4,98,0.04081632653061224
2000,Armenia,1,26,0.038461538461538464
2000,Aruba,0,5,0.0
2000,Australia,47,270,0.17407407407407408
2000,Austria,3,68,0.04411764705882353
2000,Azerbaijan,3,32,0.09375
2000,Bahamas,3,18,0.16666666666666666
2000,Bahrain,0,4,0.0
2000,Bangladesh,0,6,0.0
2000,Barbados,1,21,0.047619047619047616
2000,Belarus,16,109,0.14678899082568808
2000,Belgium,5,64,0.078125
2000,Belize,0,2,0.0
2000,Benin,0,4,0.0
2000,Bermuda,0,6,0.0
2000,Bhutan,0,2,0.0
2000,Boliva,0,5,0.0
2000,Bosnia and Herzegovina,0,10,0.0
2000,Botswana,0,5,0.0
2000,Brazil,10,96,0.10416666666666667
2000,Brunei,0,2,0.0
2000,Bulgaria,9,85,0.10588235294117647
2000,Burkina Faso,0,4,0.0
2000,Burundi,0,5,0.0
2000,Cambodia,0,4,0.0
2000,Cameroon,1,14,0.07142857142857142
2000,Canada,13,175,0.07428571428571429
2000,Cape Verde,0,2,0.0
2000,Cayman Islands,0,4,0.0
2000,Central African Republic,0,3,0.0
2000,Chad,0,3,0.0
2000,Chile,1,28,0.03571428571428571
2000,China,33,197,0.16751269035532995
2000,Colombia,1,45,0.022222222222222223
2000,Comoros,0,2,0.0
2000,Cook Islands,0,2,0.0
2000,Costa Rica,2,9,0.2222222222222222
2000,Croatia,2,53,0.03773584905660377
2000,Cuba,26,135,0.1925925925925926
2000,Curacao,0,8,0.0
2000,Cyprus,0,20,0.0
2000,Czech Republic,5,96,0.052083333333333336
2000,Democratic Republic of the Congo,0,3,0.0
2000,Denmark,6,55,0.10909090909090909
2000,Djibouti,0,2,0.0
2000,Dominica,0,4,0.0
2000,Dominican Republic,0,13,0.0
2000,Ecuador,0,11,0.0
2000,Egypt,0,64,0.0
2000,El Salvador,0,10,0.0
2000,Equatorial Guinea,0,4,0.0
2000,Eritrea,0,3,0.0
2000,Estonia,2,29,0.06896551724137931
2000,Ethiopia,2,11,0.18181818181818182
2000,Fiji,0,9,0.0
2000,Finland,3,64,0.046875
2000,France,28,196,0.14285714285714285
2000,Gabon,0,6,0.0
2000,Gambia,0,2,0.0
2000,Georgia,6,41,0.14634146341463414
2000,Germany,43,234,0.18376068376068377
2000,Ghana,0,13,0.0
2000,Greece,11,114,0.09649122807017543
2000,Grenada,0,3,0.0
2000,Guam,0,7,0.0
2000,Guatemala,0,14,0.0
2000,Guinea,0,6,0.0
2000,Guinea-Bissau,0,3,0.0
2000,Guyana,0,4,0.0
2000,Haiti,0,5,0.0
2000,Honduras,0,4,0.0
2000,Hungary,16,137,0.11678832116788321
2000,Iceland,0,28,0.0
2000,India,1,38,0.02631578947368421
2000,Individual Olympic Athletes,0,4,0.0
2000,Indonesia,4,32,0.125
2000,Iran,4,33,0.12121212121212122
2000,Iraq,0,4,0.0
2000,Ireland,0,52,0.0
2000,Israel,1,43,0.023255813953488372
2000,Italy,29,175,0.1657142857142857
2000,Ivory Coast,0,12,0.0
2000,Jamaica,5,28,0.17857142857142858
2000,Japan,15,156,0.09615384615384616
2000,Jordan,0,8,0.0
2000,Kazakhstan,6,104,0.057692307692307696
2000,Kenya,1,24,0.041666666666666664
2000,Kuwait,1,10,0.1
2000,Kyrgyzstan,1,59,0.01694915254237288
2000,Laos,0,3,0.0
2000,Latvia,2,47,0.0425531914893617
2000,Lebanon,0,6,0.0
2000,Lesotho,0,6,0.0
2000,Liberia,0,7,0.0
2000,Libya,0,3,0.0
2000,Liechtenstein,0,2,0.0
2000,Lithuania,4,50,0.08
2000,Luxembourg,0,8,0.0
2000,Macedonia,1,15,0.06666666666666667
2000,Madagascar,0,10,0.0
2000,Malawi,0,2,0.0
2000,Malaysia,0,32,0.0
2000,Maldives,0,4,0.0
2000,Mali,0,5,0.0
2000,Malta,0,7,0.0
2000,Mauritania,0,2,0.0
2000,Mauritius,0,20,0.0
2000,Mexico,4,67,0.05970149253731343
2000,Micronesia,0,5,0.0
2000,Moldova,2,34,0.058823529411764705
2000,Monaco,0,4,0.0
2000,Mongolia,0,21,0.0
2000,Morocco,2,28,0.07142857142857142
2000,Mozambique,1,4,0.25
2000,Myanmar,0,7,0.0
2000,Namibia,0,16,0.0
2000,Nauru,0,2,0.0
2000,Nepal,0,5,0.0
2000,Netherlands,19,95,0.2
2000,New Zealand,3,95,0.031578947368421054
2000,Nicaragua,0,6,0.0
2000,Niger,0,4,0.0
2000,Nigeria,3,37,0.08108108108108109
2000,North Korea,4,34,0.11764705882352941
2000,Norway,9,54,0.16666666666666666
2000,Oman,0,5,0.0
2000,Pakistan,0,11,0.0
2000,Palau,0,5,0.0
2000,Palestine,0,2,0.0
2000,Panama,0,7,0.0
2000,Papua New Guinea,0,5,0.0
2000,Paraguay,0,5,0.0
2000,Peru,0,12,0.0
2000,Philippines,0,22,0.0
2000,Poland,13,133,0.09774436090225563
2000,Portugal,1,50,0.02
2000,Puerto Rico,0,31,0.0
2000,Qatar,1,14,0.07142857142857142
2000,Republic of Congo,0,5,0.0
2000,Romania,19,116,0.16379310344827586
2000,Russia,58,238,0.24369747899159663
2000,Rwanda,0,5,0.0
2000,Saint Kitts,0,4,0.0
2000,Saint Lucia,0,5,0.0
2000,Saint Vincent,0,4,0.0
2000,Samoa,0,5,0.0
2000,San Marino,0,4,0.0
2000,Sao Tome and Principe,0,2,0.0
2000,Saudi Arabia,1,14,0.07142857142857142
2000,Senegal,0,15,0.0
2000,Serbia,3,50,0.06
2000,Seychelles,0,9,0.0
2000,Sierra Leone,0,3,0.0
2000,Slovakia,4,63,0.06349206349206349
2000,Slovenia,2,53,0.03773584905660377
2000,Solomon Islands,0,2,0.0
2000,Somalia,0,2,0.0
2000,South Africa,5,68,0.07352941176470588
2000,South Korea,22,144,0.1527777777777778
2000,Spain,9,165,0.05454545454545454
2000,Sri Lanka,1,16,0.0625
2000,Sudan,0,3,0.0
2000,Suriname,0,5,0.0
2000,Swaziland,0,6,0.0
2000,Sweden,10,92,0.10869565217391304
2000,Switzerland,6,82,0.07317073170731707
2000,Syria,0,7,0.0
2000,Taiwan,5,59,0.0847457627118644
2000,Tajikistan,0,4,0.0
2000,Tanzania,0,2,0.0
2000,Thailand,3,51,0.058823529411764705
2000,Togo,0,3,0.0
2000,Tonga,0,3,0.0
2000,Trinidad,1,18,0.05555555555555555
2000,Tunisia,0,34,0.0
2000,Turkey,5,58,0.08620689655172414
2000,Turkmenistan,0,8,0.0
2000,UK,23,179,0.12849162011173185
2000,USA,63,265,0.23773584905660378
2000,Uganda,0,13,0.0
2000,Ukraine,20,185,0.10810810810810811
2000,United Arab Emirates,0,5,0.0
2000,Uruguay,1,16,0.0625
2000,Uzbekistan,4,69,0.057971014492753624
2000,Vanuatu,0,3,0.0
2000,Venezuela,0,49,0.0
2000,Vietnam,1,7,0.14285714285714285
2000,"Virgin Islands, British",0,1,0.0
2000,"Virgin Islands, US",0,12,0.0
2000,Yemen,0,2,0.0
2000,Zambia,0,8,0.0
2000,Zimbabwe,0,19,0.0
2002,Andorra,0,4,0.0
2002,Argentina,0,17,0.0
2002,Armenia,0,15,0.0
2002,Australia,2,20,0.1
2002,Austria,5,40,0.125
2002,Azerbaijan,0,3,0.0
2002,Belarus,0,38,0.0
2002,Belgium,0,7,0.0
2002,Bermuda,0,1,0.0
2002,Bosnia and Herzegovina,0,3,0.0
2002,Brazil,0,6,0.0
2002,Bulgaria,0,27,0.0
2002,Cameroon,0,2,0.0
2002,Canada,8,64,0.125
2002,Chile,0,8,0.0
2002,China,4,41,0.0975609756097561
2002,Costa Rica,0,2,0.0
2002,Croatia,2,18,0.1111111111111111
2002,Cyprus,0,2,0.0
2002,Czech Republic,1,50,0.02
2002,Denmark,0,3,0.0
2002,Estonia,0,20,0.0
2002,Fiji,0,2,0.0
2002,Finland,3,41,0.07317073170731707
2002,France,6,54,0.1111111111111111
2002,Georgia,0,6,0.0
2002,Germany,17,69,0.2463768115942029
2002,Greece,0,16,0.0
2002,Hungary,0,30,0.0
2002,Iceland,0,7,0.0
2002,India,0,1,0.0
2002,Iran,0,2,0.0
2002,Ireland,0,8,0.0
2002,Israel,0,4,0.0
2002,Italy,5,66,0.07575757575757576
2002,Jamaica,0,1,0.0
2002,Japan,0,66,0.0
2002,Kazakhstan,0,32,0.0
2002,Kenya,0,2,0.0
2002,Kyrgyzstan,0,4,0.0
2002,Latvia,0,21,0.0
2002,Lebanon,0,3,0.0
2002,Liechtenstein,0,9,0.0
2002,Lithuania,0,12,0.0
2002,Macedonia,0,4,0.0
2002,Mexico,0,2,0.0
2002,Moldova,0,9,0.0
2002,Monaco,0,2,0.0
2002,Mongolia,0,4,0.0
2002,Nepal,0,2,0.0
2002,Netherlands,1,17,0.058823529411764705
2002,New Zealand,0,10,0.0
2002,Norway,10,49,0.20408163265306123
2002,Poland,0,27,0.0
2002,Romania,0,26,0.0
2002,Russia,6,62,0.0967741935483871
2002,San Marino,0,1,0.0
2002,Serbia,0,5,0.0
2002,Slovakia,0,34,0.0
2002,Slovenia,1,33,0.030303030303030304
2002,South Africa,0,4,0.0
2002,South Korea,2,39,0.05128205128205128
2002,Spain,0,7,0.0
2002,Sweden,4,47,0.0851063829787234
2002,Switzerland,7,52,0.1346153846153846
2002,Taiwan,0,2,0.0
2002,Tajikistan,0,2,0.0
2002,Thailand,0,2,0.0
2002,Trinidad,0,1,0.0
2002,Turkey,0,5,0.0
2002,UK,2,31,0.06451612903225806
2002,USA,13,78,0.16666666666666666
2002,Ukraine,0,47,0.0
2002,Uzbekistan,0,5,0.0
2002,Venezuela,0,2,0.0
2002,"Virgin Islands, US",0,3,0.0
2004,Afghanistan,0,5,0.0
2004,Albania,0,7,0.0
2004,Algeria,0,57,0.0
2004,American Samoa,0,3,0.0
2004,Andorra,0,6,0.0
2004,Angola,0,5,0.0
2004,Antigua,0,5,0.0
2004,Argentina,6,86,0.06976744186046512
2004,Armenia,0,19,0.0
2004,Aruba,0,4,0.0
2004,Australia,36,219,0.1643835616438356
2004,Austria,6,56,0.10714285714285714
2004,Azerbaijan,5,36,0.1388888888888889
2004,Bahamas,1,18,0.05555555555555555
2004,Bahrain,0,10,0.0
2004,Bangladesh,0,4,0.0
2004,Barbados,0,15,0.0
2004,Belarus,11,121,0.09090909090909091
2004,Belgium,2,41,0.04878048780487805
2004,Belize,0,2,0.0
2004,Benin,0,4,0.0
2004,Bermuda,0,7,0.0
2004,Bhutan,0,2,0.0
2004,Boliva,0,11,0.0
2004,Bosnia and Herzegovina,0,11,0.0
2004,Botswana,0,8,0.0
2004,Brazil,7,133,0.05263157894736842
2004,Brunei,0,1,0.0
2004,Bulgaria,10,94,0.10638297872340426
2004,Burkina Faso,0,5,0.0
2004,Burundi,0,5,0.0
2004,Cambodia,0,4,0.0
2004,Cameroon,1,15,0.06666666666666667
2004,Canada,9,151,0.059602649006622516
2004,Cape Verde,0,3,0.0
2004,Cayman Islands,0,8,0.0
2004,Central African Republic,0,4,0.0
2004,Chad,0,1,0.0
2004,Chile,2,25,0.08
2004,China,45,233,0.19313304721030042
2004,Colombia,2,59,0.03389830508474576
2004,Comoros,0,3,0.0
2004,Cook Islands,0,3,0.0
2004,Costa Rica,0,8,0.0
2004,Croatia,5,57,0.08771929824561403
2004,Cuba,25,108,0.23148148148148148
2004,Curacao,0,3,0.0
2004,Cyprus,0,20,0.0
2004,Czech Republic,6,104,0.057692307692307696
2004,Democratic Republic of the Congo,0,4,0.0
2004,Denmark,8,59,0.13559322033898305
2004,Dominica,0,2,0.0
2004,Dominican Republic,1,22,0.045454545454545456
2004,Ecuador,0,15,0.0
2004,Egypt,5,48,0.10416666666666667
2004,El Salvador,0,9,0.0
2004,Equatorial Guinea,0,2,0.0
2004,Eritrea,0,3,0.0
2004,Estonia,2,34,0.058823529411764705
2004,Ethiopia,4,12,0.3333333333333333
2004,Fiji,0,9,0.0
2004,Finland,2,53,0.03773584905660377
2004,France,27,193,0.13989637305699482
2004,Gabon,0,5,0.0
2004,Gambia,0,3,0.0
2004,Georgia,4,38,0.10526315789473684
2004,Germany,40,228,0.17543859649122806
2004,Ghana,0,9,0.0
2004,Greece,13,215,0.06046511627906977
2004,Grenada,0,5,0.0
2004,Guam,0,4,0.0
2004,Guatemala,0,17,0.0
2004,Guinea,0,4,0.0
2004,Guinea-Bissau,0,3,0.0
2004,Guyana,0,4,0.0
2004,Haiti,0,8,0.0
2004,Honduras,0,5,0.0
2004,Hungary,12,138,0.08695652173913043
2004,Iceland,0,20,0.0
2004,India,1,43,0.023255813953488372
2004,Indonesia,2,27,0.07407407407407407
2004,Iran,6,35,0.17142857142857143
2004,Iraq,0,8,0.0
2004,Ireland,0,31,0.0
2004,Israel,2,41,0.04878048780487805
2004,Italy,26,175,0.14857142857142858
2004,Ivory Coast,0,5,0.0
2004,Jamaica,2,27,0.07407407407407407
2004,Japan,32,169,0.1893491124260355
2004,Jordan,0,8,0.0
2004,Kazakhstan,8,95,0.08421052631578947
2004,Kenya,1,16,0.0625
2004,Kiribati,0,3,0.0
2004,Kuwait,0,9,0.0
2004,Kyrgyzstan,0,32,0.0
2004,Laos,0,5,0.0
2004,Latvia,3,37,0.08108108108108109
2004,Lebanon,0,5,0.0
2004,Lesotho,0,3,0.0
2004,Liberia,0,2,0.0
2004,Libya,0,8,0.0
2004,Liechtenstein,0,1,0.0
2004,Lithuania,2,44,0.045454545454545456
2004,Luxembourg,0,10,0.0
2004,Macedonia,0,14,0.0
2004,Madagascar,0,8,0.0
2004,Malawi,0,4,0.0
2004,Malaysia,0,31,0.0
2004,Maldives,0,4,0.0
2004,Mali,0,6,0.0
2004,Malta,0,7,0.0
2004,Mauritania,0,2,0.0
2004,Mauritius,0,9,0.0
2004,Mexico,4,68,0.058823529411764705
2004,Micronesia,0,5,0.0
2004,Moldova,0,31,0.0
2004,Monaco,0,3,0.0
2004,Mongolia,1,21,0.047619047619047616
2004,Morocco,0,28,0.0
2004,Mozambique,0,4,0.0
2004,Myanmar,0,2,0.0
2004,Namibia,0,9,0.0
2004,Nauru,0,3,0.0
2004,Nepal,0,6,0.0
2004,Netherlands,19,99,0.1919191919191919
2004,New Zealand,4,84,0.047619047619047616
2004,Nicaragua,0,6,0.0
2004,Niger,0,4,0.0
2004,Nigeria,2,31,0.06451612903225806
2004,North Korea,3,34,0.08823529411764706
2004,Norway,5,35,0.14285714285714285
2004,Oman,0,2,0.0
2004,Pakistan,0,11,0.0
2004,Palau,0,4,0.0
2004,Palestine,0,3,0.0
2004,Panama,0,5,0.0
2004,Papua New Guinea,0,6,0.0
2004,Paraguay,1,6,0.16666666666666666
2004,Peru,0,14,0.0
2004,Philippines,0,21,0.0
2004,Poland,9,124,0.07258064516129033
2004,Portugal,1,63,0.015873015873015872
2004,Puerto Rico,0,38,0.0
2004,Qatar,0,14,0.0
2004,Republic of Congo,0,5,0.0
2004,Romania,12,88,0.13636363636363635
2004,Russia,65,235,0.2765957446808511
2004,Rwanda,0,5,0.0
2004,Saint Kitts,0,2,0.0
2004,Saint Lucia,0,2,0.0
2004,Saint Vincent,0,3,0.0
2004,Samoa,0,3,0.0
2004,San Marino,0,5,0.0
2004,Sao Tome and Principe,0,2,0.0
2004,Saudi Arabia,0,12,0.0
2004,Senegal,0,17,0.0
2004,Serbia,2,39,0.05128205128205128
2004,Seychelles,0,10,0.0
2004,Sierra Leone,0,2,0.0
2004,Slovakia,6,59,0.1016949152542373
2004,Slovenia,4,66,0.06060606060606061
2004,Solomon Islands,0,2,0.0
2004,Somalia,0,2,0.0
2004,South Africa,4,68,0.058823529411764705
2004,South Korea,22,149,0.1476510067114094
2004,Spain,14,155,0.09032258064516129
2004,Sri Lanka,0,8,0.0
2004,Sudan,0,4,0.0
2004,Suriname,0,4,0.0
2004,Swaziland,0,3,0.0
2004,Sweden,7,79,0.08860759493670886
2004,Switzerland,3,83,0.03614457831325301
2004,Syria,1,6,0.16666666666666666
2004,Taiwan,5,52,0.09615384615384616
2004,Tajikistan,0,9,0.0
2004,Tanzania,0,6,0.0
2004,Thailand,8,46,0.17391304347826086
2004,Timor-Leste,0,2,0.0
2004,Togo,0,3,0.0
2004,Tonga,0,5,0.0
2004,Trinidad,1,18,0.05555555555555555
2004,Tunisia,0,37,0.0
2004,Turkey,9,65,0.13846153846153847
2004,Turkmenistan,0,10,0.0
2004,UK,22,162,0.13580246913580246
2004,USA,55,254,0.21653543307086615
2004,Uganda,0,10,0.0
2004,Ukraine,18,175,0.10285714285714286
2004,United Arab Emirates,1,5,0.2
2004,Uruguay,0,16,0.0
2004,Uzbekistan,5,71,0.07042253521126761
2004,Vanuatu,0,2,0.0
2004,Venezuela,2,51,0.0392156862745098
2004,Vietnam,0,10,0.0
2004,"Virgin Islands, British",0,1,0.0
2004,"Virgin Islands, US",0,9,0.0
2004,Yemen,0,3,0.0
2004,Zambia,0,6,0.0
2004,Zimbabwe,3,11,0.2727272727272727
2006,Albania,0,3,0.0
2006,Algeria,0,3,0.0
2006,Andorra,0,7,0.0
2006,Argentina,0,13,0.0
2006,Armenia,0,5,0.0
2006,Australia,2,31,0.06451612903225806
2006,Austria,9,42,0.21428571428571427
2006,Azerbaijan,0,1,0.0
2006,Belarus,1,27,0.037037037037037035
2006,Belgium,0,6,0.0
2006,Bermuda,0,1,0.0
2006,Bosnia and Herzegovina,0,9,0.0
2006,Brazil,0,9,0.0
2006,Bulgaria,1,25,0.04
2006,Canada,12,78,0.15384615384615385
2006,Chile,0,10,0.0
2006,China,4,54,0.07407407407407407
2006,Costa Rica,0,1,0.0
2006,Croatia,1,20,0.05
2006,Cyprus,0,2,0.0
2006,Czech Republic,2,53,0.03773584905660377
2006,Denmark,0,1,0.0
2006,Estonia,1,28,0.03571428571428571
2006,Ethiopia,0,1,0.0
2006,Finland,6,36,0.16666666666666666
2006,France,5,55,0.09090909090909091
2006,Georgia,0,4,0.0
2006,Germany,14,70,0.2
2006,Greece,0,8,0.0
2006,Hungary,0,22,0.0
2006,Iceland,0,8,0.0
2006,India,0,5,0.0
2006,Iran,0,3,0.0
2006,Ireland,0,5,0.0
2006,Israel,0,3,0.0
2006,Italy,5,79,0.06329113924050633
2006,Japan,0,70,0.0
2006,Kazakhstan,0,33,0.0
2006,Kenya,0,1,0.0
2006,Kyrgyzstan,0,2,0.0
2006,Latvia,0,25,0.0
2006,Lebanon,0,7,0.0
2006,Liechtenstein,0,9,0.0
2006,Lithuania,0,13,0.0
2006,Luxembourg,0,1,0.0
2006,Macedonia,0,5,0.0
2006,Madagascar,0,2,0.0
2006,Moldova,0,8,0.0
2006,Monaco,0,9,0.0
2006,Mongolia,0,2,0.0
2006,Nepal,0,1,0.0
2006,Netherlands,3,23,0.13043478260869565
2006,New Zealand,0,10,0.0
2006,North Korea,0,5,0.0
2006,Norway,8,47,0.1702127659574468
2006,Poland,2,47,0.0425531914893617
2006,Portugal,0,1,0.0
2006,Romania,0,30,0.0
2006,Russia,13,75,0.17333333333333334
2006,San Marino,0,1,0.0
2006,Senegal,0,3,0.0
2006,Serbia,0,10,0.0
2006,Slovakia,1,39,0.02564102564102564
2006,Slovenia,0,38,0.0
2006,South Africa,0,9,0.0
2006,South Korea,5,37,0.13513513513513514
2006,Spain,0,15,0.0
2006,Sweden,9,49,0.1836734693877551
2006,Switzerland,5,50,0.1
2006,Taiwan,0,1,0.0
2006,Tajikistan,0,3,0.0
2006,Thailand,0,1,0.0
2006,Turkey,0,14,0.0
2006,UK,1,30,0.03333333333333333
2006,USA,13,83,0.1566265060240964
2006,Ukraine,0,42,0.0
2006,Uzbekistan,0,3,0.0
2006,Venezuela,0,1,0.0
2008,Afghanistan,1,4,0.25
2008,Albania,0,12,0.0
2008,Algeria,2,44,0.045454545454545456
2008,American Samoa,0,4,0.0
2008,Andorra,0,5,0.0
2008,Angola,0,8,0.0
2008,Antigua,0,5,0.0
2008,Argentina,6,71,0.08450704225352113
2008,Armenia,5,24,0.20833333333333334
2008,Aruba,0,2,0.0
2008,Australia,32,219,0.1461187214611872
2008,Austria,3,62,0.04838709677419355
2008,Azerbaijan,7,37,0.1891891891891892
2008,Bahamas,2,22,0.09090909090909091
2008,Bahrain,0,11,0.0
2008,Bangladesh,0,5,0.0
2008,Barbados,0,10,0.0
2008,Belarus,15,122,0.12295081967213115
2008,Belgium,2,55,0.03636363636363636
2008,Belize,0,4,0.0
2008,Benin,0,5,0.0
2008,Bermuda,0,6,0.0
2008,Bhutan,0,2,0.0
2008,Boliva,0,7,0.0
2008,Bosnia and Herzegovina,0,7,0.0
2008,Botswana,0,11,0.0
2008,Brazil,14,145,0.09655172413793103
2008,Bulgaria,5,60,0.08333333333333333
2008,Burkina Faso,0,6,0.0
2008,Burundi,0,3,0.0
2008,Cambodia,0,4,0.0
2008,Cameroon,1,16,0.0625
2008,Canada,17,185,0.0918918918918919
2008,Cape Verde,0,2,0.0
2008,Cayman Islands,0,6,0.0
2008,Central African Republic,0,3,0.0
2008,Chad,0,2,0.0
2008,Chile,1,26,0.038461538461538464
2008,China,65,290,0.22413793103448276
2008,Colombia,1,74,0.013513513513513514
2008,Comoros,0,3,0.0
2008,Cook Islands,0,4,0.0
2008,Costa Rica,0,8,0.0
2008,Croatia,4,66,0.06060606060606061
2008,Cuba,22,102,0.21568627450980393
2008,Curacao,0,4,0.0
2008,Cyprus,0,17,0.0
2008,Czech Republic,4,105,0.0380952380952381
2008,Democratic Republic of the Congo,0,5,0.0
2008,Denmark,7,62,0.11290322580645161
2008,Djibouti,0,2,0.0
2008,Dominica,0,2,0.0
2008,Dominican Republic,2,21,0.09523809523809523
2008,Ecuador,0,23,0.0
2008,Egypt,1,68,0.014705882352941176
2008,El Salvador,0,14,0.0
2008,Equatorial Guinea,0,3,0.0
2008,Eritrea,0,6,0.0
2008,Estonia,1,42,0.023809523809523808
2008,Ethiopia,3,10,0.3
2008,Fiji,0,6,0.0
2008,Finland,3,55,0.05454545454545454
2008,France,37,205,0.18048780487804877
2008,Gabon,0,4,0.0
2008,Gambia,0,3,0.0
2008,Georgia,6,35,0.17142857142857143
2008,Germany,30,207,0.14492753623188406
2008,Ghana,0,9,0.0
2008,Greece,4,105,0.0380952380952381
2008,Grenada,0,8,0.0
2008,Guam,0,7,0.0
2008,Guatemala,0,12,0.0
2008,Guinea,0,5,0.0
2008,Guinea-Bissau,0,3,0.0
2008,Guyana,0,4,0.0
2008,Haiti,0,7,0.0
2008,Honduras,0,8,0.0
2008,Hungary,10,126,0.07936507936507936
2008,Iceland,1,18,0.05555555555555555
2008,India,3,48,0.0625
2008,Indonesia,3,17,0.17647058823529413
2008,Iran,2,40,0.05
2008,Iraq,0,3,0.0
2008,Ireland,3,43,0.06976744186046512
2008,Israel,1,47,0.02127659574468085
2008,Italy,21,190,0.11052631578947368
2008,Ivory Coast,0,7,0.0
2008,Jamaica,4,29,0.13793103448275862
2008,Japan,21,176,0.11931818181818182
2008,Jordan,0,7,0.0
2008,Kazakhstan,13,106,0.12264150943396226
2008,Kenya,4,24,0.16666666666666666
2008,Kiribati,0,2,0.0
2008,Kuwait,0,7,0.0
2008,Kyrgyzstan,2,22,0.09090909090909091
2008,Laos,0,4,0.0
2008,Latvia,2,33,0.06060606060606061
2008,Lebanon,0,6,0.0
2008,Lesotho,0,3,0.0
2008,Liberia,0,4,0.0
2008,Libya,0,6,0.0
2008,Liechtenstein,0,2,0.0
2008,Lithuania,4,54,0.07407407407407407
2008,Luxembourg,0,17,0.0
2008,Macedonia,0,7,0.0
2008,Madagascar,0,6,0.0
2008,Malawi,0,4,0.0
2008,Malaysia,1,29,0.034482758620689655
2008,Maldives,0,4,0.0
2008,Mali,0,6,0.0
2008,Malta,0,6,0.0
2008,Marshall Islands,0,5,0.0
2008,Mauritania,0,2,0.0
2008,Mauritius,1,11,0.09090909090909091
2008,Mexico,3,73,0.0410958904109589
2008,Micronesia,0,5,0.0
2008,Moldova,1,28,0.03571428571428571
2008,Monaco,0,5,0.0
2008,Mongolia,4,29,0.13793103448275862
2008,Montenegro,0,8,0.0
2008,Morocco,1,35,0.02857142857142857
2008,Mozambique,0,4,0.0
2008,Myanmar,0,7,0.0
2008,Namibia,0,10,0.0
2008,Nauru,0,1,0.0
2008,Nepal,0,8,0.0
2008,Netherlands,15,98,0.15306122448979592
2008,New Zealand,9,78,0.11538461538461539
2008,Nicaragua,0,7,0.0
2008,Niger,0,4,0.0
2008,Nigeria,4,36,0.1111111111111111
2008,North Korea,6,38,0.15789473684210525
2008,Norway,9,49,0.1836734693877551
2008,Oman,0,4,0.0
2008,Pakistan,0,7,0.0
2008,Palau,0,5,0.0
2008,Palestine,0,4,0.0
2008,Panama,1,5,0.2
2008,Papua New Guinea,0,9,0.0
2008,Paraguay,0,7,0.0
2008,Peru,0,13,0.0
2008,Philippines,0,17,0.0
2008,Poland,8,165,0.048484848484848485
2008,Portugal,2,65,0.03076923076923077
2008,Puerto Rico,0,31,0.0
2008,Qatar,0,14,0.0
2008,Republic of Congo,0,5,0.0
2008,Romania,7,80,0.0875
2008,Russia,51,242,0.21074380165289255
2008,Rwanda,0,4,0.0
2008,Saint Kitts,0,5,0.0
2008,Saint Lucia,0,4,0.0
2008,Saint Vincent,0,2,0.0
2008,Samoa,0,7,0.0
2008,San Marino,0,4,0.0
2008,Sao Tome and Principe,0,4,0.0
2008,Saudi Arabia,0,11,0.0
2008,Senegal,0,16,0.0
2008,Serbia,3,42,0.07142857142857142
2008,Seychelles,0,9,0.0
2008,Sierra Leone,0,3,0.0
2008,Slovakia,6,54,0.1111111111111111
2008,Slovenia,5,60,0.08333333333333333
2008,Solomon Islands,0,3,0.0
2008,Somalia,0,2,0.0
2008,South Africa,1,89,0.011235955056179775
2008,South Korea,23,142,0.1619718309859155
2008,Spain,14,147,0.09523809523809523
2008,Sri Lanka,0,9,0.0
2008,Sudan,1,8,0.125
2008,Suriname,0,4,0.0
2008,Swaziland,0,4,0.0
2008,Sweden,5,81,0.06172839506172839
2008,Switzerland,5,75,0.06666666666666667
2008,Syria,0,7,0.0
2008,Taiwan,4,41,0.0975609756097561
2008,Tajikistan,2,16,0.125
2008,Tanzania,0,6,0.0
2008,Thailand,4,43,0.09302325581395349
2008,Timor-Leste,0,1,0.0
2008,Togo,1,4,0.25
2008,Tonga,0,3,0.0
2008,Trinidad,1,19,0.05263157894736842
2008,Tunisia,1,28,0.03571428571428571
2008,Turkey,7,67,0.1044776119402985
2008,Turkmenistan,0,9,0.0
2008,UK,37,185,0.2
2008,USA,71,258,0.2751937984496124
2008,Uganda,0,10,0.0
2008,Ukraine,20,177,0.11299435028248588
2008,United Arab Emirates,0,9,0.0
2008,Uruguay,0,12,0.0
2008,Uzbekistan,6,67,0.08955223880597014
2008,Vanuatu,0,3,0.0
2008,Venezuela,1,83,0.012048192771084338
2008,Vietnam,1,18,0.05555555555555555
2008,"Virgin Islands, British",0,2,0.0
2008,"Virgin Islands, US",0,8,0.0
2008,Yemen,0,8,0.0
2008,Zambia,0,8,0.0
2008,Zimbabwe,4,15,0.26666666666666666
2010,Albania,0,2,0.0
2010,Algeria,0,1,0.0
2010,Andorra,0,15,0.0
2010,Argentina,0,11,0.0
2010,Armenia,0,6,0.0
2010,Australia,2,32,0.0625
2010,Austria,4,43,0.09302325581395349
2010,Azerbaijan,0,4,0.0
2010,Belarus,1,28,0.03571428571428571
2010,Belgium,0,8,0.0
2010,Bermuda,0,1,0.0
2010,Bosnia and Herzegovina,0,8,0.0
2010,Brazil,0,7,0.0
2010,Bulgaria,0,26,0.0
2010,Canada,15,83,0.18072289156626506
2010,Cayman Islands,0,1,0.0
2010,Chile,0,8,0.0
2010,China,4,47,0.0851063829787234
2010,Colombia,0,2,0.0
2010,Croatia,3,15,0.2
2010,Cyprus,0,4,0.0
2010,Czech Republic,5,59,0.0847457627118644
2010,Denmark,0,16,0.0
2010,Estonia,0,26,0.0
2010,Ethiopia,0,1,0.0
2010,Finland,3,41,0.07317073170731707
2010,France,4,63,0.06349206349206349
2010,Georgia,0,6,0.0
2010,Germany,13,77,0.16883116883116883
2010,Ghana,0,1,0.0
2010,Greece,0,10,0.0
2010,Hungary,0,20,0.0
2010,Iceland,0,5,0.0
2010,India,0,3,0.0
2010,Iran,0,5,0.0
2010,Ireland,0,6,0.0
2010,Israel,0,3,0.0
2010,Italy,1,69,0.014492753623188406
2010,Jamaica,0,1,0.0
2010,Japan,2,61,0.03278688524590164
2010,Kazakhstan,0,44,0.0
2010,Kyrgyzstan,0,3,0.0
2010,Latvia,1,29,0.034482758620689655
2010,Lebanon,0,5,0.0
2010,Liechtenstein,0,4,0.0
2010,Lithuania,0,10,0.0
2010,Macedonia,0,4,0.0
2010,Mexico,0,2,0.0
2010,Moldova,0,10,0.0
2010,Monaco,0,5,0.0
2010,Mongolia,0,2,0.0
2010,Montenegro,0,2,0.0
2010,Morocco,0,2,0.0
2010,Nepal,0,1,0.0
2010,Netherlands,3,22,0.13636363636363635
2010,New Zealand,0,17,0.0
2010,North Korea,0,3,0.0
2010,Norway,15,55,0.2727272727272727
2010,Pakistan,0,1,0.0
2010,Peru,0,5,0.0
2010,Poland,2,50,0.04
2010,Portugal,0,1,0.0
2010,Romania,0,26,0.0
2010,Russia,4,77,0.05194805194805195
2010,San Marino,0,1,0.0
2010,Senegal,0,2,0.0
2010,Serbia,0,8,0.0
2010,Slovakia,1,34,0.029411764705882353
2010,Slovenia,0,41,0.0
2010,South Africa,0,2,0.0
2010,South Korea,4,38,0.10526315789473684
2010,Spain,0,23,0.0
2010,Sweden,5,44,0.11363636363636363
2010,Switzerland,4,56,0.07142857142857142
2010,Taiwan,0,1,0.0
2010,Tajikistan,0,4,0.0
2010,Turkey,0,9,0.0
2010,UK,0,43,0.0
2010,USA,13,84,0.15476190476190477
2010,Ukraine,0,36,0.0
2010,Uzbekistan,0,5,0.0
2012,Afghanistan,1,6,0.16666666666666666
2012,Albania,0,9,0.0
2012,Algeria,1,29,0.034482758620689655
2012,American Samoa,0,4,0.0
2012,Andorra,0,6,0.0
2012,Angola,0,10,0.0
2012,Antigua,0,4,0.0
2012,Argentina,3,66,0.045454545454545456
2012,Armenia,3,30,0.1
2012,Aruba,0,4,0.0
2012,Australia,30,208,0.14423076923076922
2012,Austria,0,69,0.0
2012,Azerbaijan,10,57,0.17543859649122806
2012,Bahamas,1,16,0.0625
2012,Bahrain,0,11,0.0
2012,Bangladesh,0,7,0.0
2012,Barbados,0,6,0.0
2012,Belarus,11,110,0.1
2012,Belgium,3,71,0.04225352112676056
2012,Belize,0,3,0.0
2012,Benin,0,5,0.0
2012,Bermuda,0,7,0.0
2012,Bhutan,0,2,0.0
2012,Boliva,0,5,0.0
2012,Bosnia and Herzegovina,0,8,0.0
2012,Botswana,1,4,0.25
2012,Brazil,16,138,0.11594202898550725
2012,Brunei,0,3,0.0
2012,Bulgaria,2,56,0.03571428571428571
2012,Burkina Faso,0,5,0.0
2012,Burundi,0,6,0.0
2012,Cambodia,0,6,0.0
2012,Cameroon,0,16,0.0
2012,Canada,17,179,0.09497206703910614
2012,Cape Verde,0,3,0.0
2012,Cayman Islands,0,5,0.0
2012,Central African Republic,0,6,0.0
2012,Chad,0,2,0.0
2012,Chile,0,36,0.0
2012,China,60,250,0.24
2012,Colombia,6,81,0.07407407407407407
2012,Comoros,0,3,0.0
2012,Cook Islands,0,9,0.0
2012,Costa Rica,0,11,0.0
2012,Croatia,6,53,0.11320754716981132
2012,Cuba,12,86,0.13953488372093023
2012,Cyprus,1,12,0.08333333333333333
2012,Czech Republic,5,99,0.050505050505050504
2012,Democratic Republic of the Congo,0,4,0.0
2012,Denmark,8,69,0.11594202898550725
2012,Djibouti,0,4,0.0
2012,Dominica,0,2,0.0
2012,Dominican Republic,1,21,0.047619047619047616
2012,Ecuador,0,34,0.0
2012,Egypt,2,87,0.022988505747126436
2012,El Salvador,0,11,0.0
2012,Equatorial Guinea,0,2,0.0
2012,Eritrea,0,7,0.0
2012,Estonia,1,30,0.03333333333333333
2012,Ethiopia,2,14,0.14285714285714285
2012,Fiji,0,9,0.0
2012,Finland,2,61,0.03278688524590164
2012,France,30,188,0.1595744680851064
2012,Gabon,1,7,0.14285714285714285
2012,Gambia,0,2,0.0
2012,Georgia,7,35,0.2
2012,Germany,31,213,0.14553990610328638
2012,Ghana,0,7,0.0
2012,Greece,2,76,0.02631578947368421
2012,Grenada,1,8,0.125
2012,Guam,0,8,0.0
2012,Guatemala,1,21,0.047619047619047616
2012,Guinea,0,4,0.0
2012,Guinea-Bissau,0,4,0.0
2012,Guyana,0,6,0.0
2012,Haiti,0,5,0.0
2012,Honduras,0,10,0.0
2012,Hungary,17,111,0.15315315315315314
2012,Iceland,0,20,0.0
2012,India,5,55,0.09090909090909091
2012,Individual Olympic Athletes,0,4,0.0
2012,Indonesia,1,16,0.0625
2012,Iran,10,51,0.19607843137254902
2012,Iraq,0,8,0.0
2012,Ireland,5,54,0.09259259259259259
2012,Israel,0,41,0.0
2012,Italy,23,169,0.13609467455621302
2012,Ivory Coast,0,10,0.0
2012,Jamaica,7,25,0.28
2012,Japan,33,178,0.1853932584269663
2012,Jordan,0,9,0.0
2012,Kazakhstan,11,106,0.10377358490566038
2012,Kenya,4,23,0.17391304347826086
2012,Kiribati,0,3,0.0
2012,Kuwait,1,11,0.09090909090909091
2012,Kyrgyzstan,0,15,0.0
2012,Laos,0,3,0.0
2012,Latvia,2,38,0.05263157894736842
2012,Lebanon,0,10,0.0
2012,Lesotho,0,4,0.0
2012,Liberia,0,3,0.0
2012,Libya,0,4,0.0
2012,Liechtenstein,0,4,0.0
2012,Lithuania,5,54,0.09259259259259259
2012,Luxembourg,0,11,0.0
2012,Macedonia,0,4,0.0
2012,Madagascar,0,7,0.0
2012,Malawi,0,3,0.0
2012,Malaysia,2,25,0.08
2012,Maldives,0,5,0.0
2012,Mali,0,6,0.0
2012,Malta,0,5,0.0
2012,Marshall Islands,0,4,0.0
2012,Mauritania,0,2,0.0
2012,Mauritius,0,10,0.0
2012,Mexico,5,75,0.06666666666666667
2012,Micronesia,0,6,0.0
2012,Moldova,2,19,0.10526315789473684
2012,Monaco,0,6,0.0
2012,Mongolia,5,32,0.15625
2012,Montenegro,1,9,0.1111111111111111
2012,Morocco,1,40,0.025
2012,Mozambique,0,6,0.0
2012,Myanmar,0,6,0.0
2012,Namibia,0,8,0.0
2012,Nauru,0,2,0.0
2012,Nepal,0,5,0.0
2012,Netherlands,16,95,0.16842105263157894
2012,New Zealand,13,87,0.14942528735632185
2012,Nicaragua,0,6,0.0
2012,Niger,0,6,0.0
2012,Nigeria,0,31,0.0
2012,North Korea,6,27,0.2222222222222222
2012,Norway,3,46,0.06521739130434782
2012,Oman,0,3,0.0
2012,Pakistan,0,6,0.0
2012,Palau,0,5,0.0
2012,Palestine,0,5,0.0
2012,Panama,0,8,0.0
2012,Papua New Guinea,0,8,0.0
2012,Paraguay,0,10,0.0
2012,Peru,0,14,0.0
2012,Philippines,0,11,0.0
2012,Poland,9,148,0.060810810810810814
2012,Portugal,1,75,0.013333333333333334
2012,Puerto Rico,1,25,0.04
2012,Qatar,2,13,0.15384615384615385
2012,Republic of Congo,0,6,0.0
2012,Romania,8,75,0.10666666666666667
2012,Russia,54,238,0.226890756302521
2012,Rwanda,0,7,0.0
2012,Saint Kitts,0,3,0.0
2012,Saint Lucia,0,4,0.0
2012,Saint Vincent,0,3,0.0
2012,Samoa,0,9,0.0
2012,San Marino,0,4,0.0
2012,Sao Tome and Principe,0,2,0.0
2012,Saudi Arabia,1,14,0.07142857142857142
2012,Senegal,0,16,0.0
2012,Serbia,2,55,0.03636363636363636
2012,Seychelles,0,6,0.0
2012,Sierra Leone,0,2,0.0
2012,Slovakia,4,52,0.07692307692307693
2012,Slovenia,4,68,0.058823529411764705
2012,Solomon Islands,0,4,0.0
2012,Somalia,0,2,0.0
2012,South Africa,6,65,0.09230769230769231
2012,South Korea,20,140,0.14285714285714285
2012,Spain,17,135,0.1259259259259259
2012,Sri Lanka,0,8,0.0
2012,Sudan,0,5,0.0
2012,Suriname,0,5,0.0
2012,Swaziland,0,3,0.0
2012,Sweden,7,81,0.08641975308641975
2012,Switzerland,1,71,0.014084507042253521
2012,Syria,0,10,0.0
2012,Taiwan,2,40,0.05
2012,Tajikistan,1,16,0.0625
2012,Tanzania,0,5,0.0
2012,Thailand,2,37,0.05405405405405406
2012,Timor-Leste,0,2,0.0
2012,Togo,0,6,0.0
2012,Tonga,0,3,0.0
2012,Trinidad,4,22,0.18181818181818182
2012,Tunisia,3,50,0.06
2012,Turkey,4,80,0.05
2012,Turkmenistan,0,10,0.0
2012,UK,56,249,0.2248995983935743
2012,USA,65,245,0.2653061224489796
2012,Uganda,1,12,0.08333333333333333
2012,Ukraine,16,174,0.09195402298850575
2012,United Arab Emirates,0,9,0.0
2012,Uruguay,0,11,0.0
2012,Uzbekistan,3,52,0.057692307692307696
2012,Vanuatu,0,5,0.0
2012,Venezuela,0,70,0.0
2012,Vietnam,0,23,0.0
2012,"Virgin Islands, British",0,2,0.0
2012,"Virgin Islands, US",0,7,0.0
2012,Yemen,0,4,0.0
2012,Zambia,0,7,0.0
2012,Zimbabwe,0,8,0.0
2014,Albania,0,2,0.0
2014,Andorra,0,10,0.0
2014,Argentina,0,10,0.0
2014,Armenia,0,5,0.0
2014,Australia,3,47,0.06382978723404255
2014,Austria,7,70,0.1
2014,Azerbaijan,0,3,0.0
2014,Belarus,3,31,0.0967741935483871
2014,Belgium,0,10,0.0
2014,Bermuda,0,1,0.0
2014,Bosnia and Herzegovina,0,12,0.0
2014,Brazil,0,13,0.0
2014,Bulgaria,0,27,0.0
2014,Canada,14,93,0.15053763440860216
2014,Cayman Islands,0,2,0.0
2014,Chile,0,12,0.0
2014,China,3,46,0.06521739130434782
2014,Croatia,1,16,0.0625
2014,Cyprus,0,2,0.0
2014,Czech Republic,7,65,0.1076923076923077
2014,Denmark,0,9,0.0
2014,Dominica,0,1,0.0
2014,Estonia,0,27,0.0
2014,Finland,4,41,0.0975609756097561
2014,France,3,69,0.043478260869565216
2014,Georgia,0,5,0.0
2014,Germany,10,79,0.12658227848101267
2014,Greece,0,10,0.0
2014,Hungary,0,23,0.0
2014,Iceland,0,7,0.0
2014,India,0,2,0.0
2014,Individual Olympic Athletes,0,1,0.0
2014,Iran,0,5,0.0
2014,Ireland,0,8,0.0
2014,Israel,0,5,0.0
2014,Italy,5,75,0.06666666666666667
2014,Jamaica,0,1,0.0
2014,Japan,3,59,0.05084745762711865
2014,Kazakhstan,0,47,0.0
2014,Kyrgyzstan,0,2,0.0
2014,Latvia,2,32,0.0625
2014,Lebanon,0,3,0.0
2014,Liechtenstein,0,5,0.0
2014,Lithuania,0,19,0.0
2014,Luxembourg,0,1,0.0
2014,Macedonia,0,6,0.0
2014,Malta,0,2,0.0
2014,Mexico,0,1,0.0
2014,Moldova,0,5,0.0
2014,Monaco,0,8,0.0
2014,Mongolia,0,2,0.0
2014,Montenegro,0,3,0.0
2014,Morocco,0,4,0.0
2014,Nepal,0,1,0.0
2014,Netherlands,8,28,0.2857142857142857
2014,New Zealand,0,12,0.0
2014,Norway,12,65,0.18461538461538463
2014,Pakistan,0,1,0.0
2014,Paraguay,0,1,0.0
2014,Peru,0,5,0.0
2014,Philippines,0,1,0.0
2014,Poland,4,58,0.06896551724137931
2014,Portugal,0,4,0.0
2014,Romania,0,32,0.0
2014,Russia,17,94,0.18085106382978725
2014,San Marino,0,2,0.0
2014,Serbia,0,14,0.0
2014,Slovakia,0,38,0.0
2014,Slovenia,1,38,0.02631578947368421
2014,South Korea,2,52,0.038461538461538464
2014,Spain,0,25,0.0
2014,Sweden,9,38,0.23684210526315788
2014,Switzerland,3,62,0.04838709677419355
2014,Taiwan,0,5,0.0
2014,Tajikistan,0,1,0.0
2014,Thailand,0,3,0.0
2014,Timor-Leste,0,1,0.0
2014,Togo,0,3,0.0
2014,Tonga,0,1,0.0
2014,Turkey,0,10,0.0
2014,UK,2,40,0.05
2014,USA,10,94,0.10638297872340426
2014,Ukraine,1,41,0.024390243902439025
2014,Uzbekistan,0,5,0.0
2014,Venezuela,0,1,0.0
2014,"Virgin Islands, British",0,1,0.0
2014,"Virgin Islands, US",0,2,0.0
2014,Zimbabwe,0,2,0.0
2016,Afghanistan,0,3,0.0
2016,Albania,0,6,0.0
2016,Algeria,0,48,0.0
2016,American Samoa,0,4,0.0
2016,Andorra,0,4,0.0
2016,Angola,0,10,0.0
2016,Antigua,0,5,0.0
2016,Argentina,4,80,0.05
2016,Armenia,3,32,0.09375
2016,Aruba,0,6,0.0
2016,Australia,25,194,0.12886597938144329
2016,Austria,1,61,0.01639344262295082
2016,Azerbaijan,18,62,0.2903225806451613
2016,Bahamas,2,20,0.1
2016,Bahrain,0,20,0.0
2016,Bangladesh,0,7,0.0
2016,Barbados,0,11,0.0
2016,Belarus,7,86,0.08139534883720931
2016,Belgium,4,74,0.05405405405405406
2016,Belize,0,3,0.0
2016,Benin,0,6,0.0
2016,Bermuda,0,8,0.0
2016,Bhutan,0,2,0.0
2016,Boliva,0,10,0.0
2016,Bosnia and Herzegovina,0,8,0.0
2016,Botswana,0,7,0.0
2016,Brazil,14,222,0.06306306306306306
2016,Brunei,0,3,0.0
2016,Bulgaria,3,51,0.058823529411764705
2016,Burkina Faso,0,5,0.0
2016,Burundi,1,9,0.1111111111111111
2016,Cambodia,0,6,0.0
2016,Cameroon,0,13,0.0
2016,Canada,16,175,0.09142857142857143
2016,Cape Verde,0,5,0.0
2016,Cayman Islands,0,5,0.0
2016,Central African Republic,0,6,0.0
2016,Chad,0,2,0.0
2016,Chile,0,36,0.0
2016,China,51,241,0.21161825726141079
2016,Colombia,6,85,0.07058823529411765
2016,Comoros,0,4,0.0
2016,Cook Islands,0,9,0.0
2016,Costa Rica,0,11,0.0
2016,Croatia,8,47,0.1702127659574468
2016,Cuba,11,99,0.1111111111111111
2016,Cyprus,0,19,0.0
2016,Czech Republic,7,92,0.07608695652173914
2016,Democratic Republic of the Congo,0,4,0.0
2016,Denmark,15,67,0.22388059701492538
2016,Djibouti,0,7,0.0
2016,Dominica,0,2,0.0
2016,Dominican Republic,1,22,0.045454545454545456
2016,Ecuador,0,29,0.0
2016,Egypt,2,87,0.022988505747126436
2016,El Salvador,0,10,0.0
2016,Equatorial Guinea,0,1,0.0
2016,Eritrea,0,6,0.0
2016,Estonia,1,31,0.03225806451612903
2016,Ethiopia,4,16,0.25
2016,Fiji,1,14,0.07142857142857142
2016,Finland,1,55,0.01818181818181818
2016,France,34,202,0.16831683168316833
2016,Gabon,0,6,0.0
2016,Gambia,0,4,0.0
2016,Georgia,6,40,0.15
2016,Germany,32,217,0.14746543778801843
2016,Ghana,0,12,0.0
2016,Greece,6,65,0.09230769230769231
2016,Grenada,1,4,0.25
2016,Guam,0,5,0.0
2016,Guatemala,0,19,0.0
2016,Guinea,0,5,0.0
2016,Guinea-Bissau,0,5,0.0
2016,Guyana,0,7,0.0
2016,Haiti,0,10,0.0
2016,Honduras,0,8,0.0
2016,Hungary,11,113,0.09734513274336283
2016,Iceland,0,14,0.0
2016,India,1,67,0.014925373134328358
2016,Individual Olympic Athletes,1,6,0.16666666666666666
2016,Indonesia,3,20,0.15
2016,Iran,7,46,0.15217391304347827
2016,Iraq,0,5,0.0
2016,Ireland,2,57,0.03508771929824561
2016,Israel,2,45,0.044444444444444446
2016,Italy,20,171,0.11695906432748537
2016,Ivory Coast,2,12,0.16666666666666666
2016,Jamaica,5,32,0.15625
2016,Japan,36,186,0.1935483870967742
2016,Jordan,1,8,0.125
2016,Kazakhstan,17,98,0.17346938775510204
2016,Kenya,1,29,0.034482758620689655
2016,Kiribati,0,3,0.0
2016,Kosovo,1,8,0.125
2016,Kyrgyzstan,0,17,0.0
2016,Laos,0,5,0.0
2016,Latvia,0,25,0.0
2016,Lebanon,0,9,0.0
2016,Lesotho,0,8,0.0
2016,Liberia,0,3,0.0
2016,Libya,0,7,0.0
2016,Liechtenstein,0,3,0.0
2016,Lithuania,4,49,0.08163265306122448
2016,Luxembourg,0,14,0.0
2016,Macedonia,0,6,0.0
2016,Madagascar,0,6,0.0
2016,Malawi,0,5,0.0
2016,Malaysia,5,29,0.1724137931034483
2016,Maldives,0,4,0.0
2016,Mali,0,6,0.0
2016,Malta,0,8,0.0
2016,Marshall Islands,0,5,0.0
2016,Mauritania,0,2,0.0
2016,Mauritius,0,11,0.0
2016,Mexico,4,80,0.05
2016,Micronesia,0,5,0.0
2016,Moldova,0,22,0.0
2016,Monaco,0,8,0.0
2016,Mongolia,2,41,0.04878048780487805
2016,Montenegro,0,9,0.0
2016,Morocco,1,39,0.02564102564102564
2016,Mozambique,0,7,0.0
2016,Myanmar,0,8,0.0
2016,Namibia,0,9,0.0
2016,Nauru,0,2,0.0
2016,Nepal,0,7,0.0
2016,Netherlands,15,122,0.12295081967213115
2016,New Zealand,16,100,0.16
2016,Nicaragua,0,5,0.0
2016,Niger,1,6,0.16666666666666666
2016,Nigeria,1,36,0.027777777777777776
2016,North Korea,6,28,0.21428571428571427
2016,Norway,4,53,0.07547169811320754
2016,Oman,0,4,0.0
2016,Pakistan,0,7,0.0
2016,Palau,0,6,0.0
2016,Palestine,0,6,0.0
2016,Panama,0,14,0.0
2016,Papua New Guinea,0,8,0.0
2016,Paraguay,0,11,0.0
2016,Peru,0,28,0.0
2016,Philippines,1,13,0.07692307692307693
2016,Poland,7,144,0.04861111111111111
2016,Portugal,1,61,0.01639344262295082
2016,Puerto Rico,1,27,0.037037037037037035
2016,Qatar,1,20,0.05
2016,Republic of Congo,0,9,0.0
2016,Romania,4,62,0.06451612903225806
2016,Russia,46,181,0.2541436464088398
2016,Rwanda,0,7,0.0
2016,Saint Kitts,0,4,0.0
2016,Saint Lucia,0,4,0.0
2016,Saint Vincent,0,4,0.0
2016,Samoa,0,9,0.0
2016,San Marino,0,3,0.0
2016,Sao Tome and Principe,0,3,0.0
2016,Saudi Arabia,0,10,0.0
2016,Senegal,0,11,0.0
2016,Serbia,8,56,0.14285714285714285
2016,Seychelles,0,10,0.0
2016,Sierra Leone,0,4,0.0
2016,Slovakia,3,49,0.061224489795918366
2016,Slovenia,4,45,0.08888888888888889
2016,Solomon Islands,0,3,0.0
2016,Somalia,0,2,0.0
2016,South Africa,7,70,0.1
2016,South Korea,14,117,0.11965811965811966
2016,South Sudan,0,3,0.0
2016,Spain,15,146,0.10273972602739725
2016,Sri Lanka,0,10,0.0
2016,Sudan,0,6,0.0
2016,Suriname,0,6,0.0
2016,Swaziland,0,2,0.0
2016,Sweden,5,79,0.06329113924050633
2016,Switzerland,5,80,0.0625
2016,Syria,0,7,0.0
2016,Taiwan,3,46,0.06521739130434782
2016,Tajikistan,1,7,0.14285714285714285
2016,Tanzania,0,5,0.0
2016,Thailand,5,45,0.1111111111111111
2016,Timor-Leste,0,3,0.0
2016,Togo,0,5,0.0
2016,Tonga,0,7,0.0
2016,Trinidad,1,24,0.041666666666666664
2016,Tunisia,3,47,0.06382978723404255
2016,Turkey,8,88,0.09090909090909091
2016,Turkmenistan,0,9,0.0
2016,UK,49,198,0.2474747474747475
2016,USA,79,245,0.3224489795918367
2016,Uganda,0,14,0.0
2016,Ukraine,8,142,0.056338028169014086
2016,United Arab Emirates,1,11,0.09090909090909091
2016,Uruguay,0,14,0.0
2016,Uzbekistan,13,69,0.18840579710144928
2016,Vanuatu,0,4,0.0
2016,Venezuela,3,77,0.03896103896103896
2016,Vietnam,2,24,0.08333333333333333
2016,"Virgin Islands, British",0,4,0.0
2016,"Virgin Islands, US",0,7,0.0
2016,Yemen,0,3,0.0
2016,Zambia,0,7,0.0
2016,Zimbabwe,0,13,0.0
